Workbook

Sheet Übersicht Score Index
A1: CAS Nr. | B1: Rohstoff | C1: Unpleasant | D1: warm | E1: green | F1: floral | G1: citrus | H1: exotic | I1: Outlayer
A2: 0 | B2: 0 | C2: 0 - 10 | D2: 0 - 20 | E2: 0 | F2: 0 | G2: 0 | H2: 0 | I2: 0
A3: 14667-55-1 | B3: 2,3,5-Trimethylpyrazin, natürlich Halal | C3: 3 | D3: 3 | E3: 0 | F3: 0 | G3: 0 | H3: 0 | I3: 3
A4: 1192-62-7 | B4: 2-Acetylfuran, natürlich | C4: 0 | D4: 0 | E4: 0 | F4: 0 | G4: 0 | H4: 0 | I4: 0
A5: 15679-12-6 | B5: 2-Ethyl-4-methylthiazol, natürlich | C5: 0 | D5: 0 | E5: 0 | F5: 0 | G5: 0 | H5: 0 | I5: 0
A6: 110-43-0 | B6: 2-Heptanon Halal | C6: 0 | D6: 0 | E6: 0 | F6: 0 | G6: 0 | H6: 0 | I6: 0
A7: 137-32-6 | B7: 2-Methyl-1-butanol, natürlich Kosher Halal | C7: 0 | D7: 0 | E7: 0 | F7: 0 | G7: 0 | H7: 0 | I7: 0
A8: 3142-72-1 | B8: 2-Methyl-2-pentensäure | C8: 0 | D8: 0 | E8: 0 | F8: 0 | G8: 0 | H8: 0 | I8: 0
A9: 116-53-0 | B9: 2-Methylbuttersäure Halal Kosher | C9: 2 | D9: 2 | E9: 0 | F9: 0 | G9: 2 | H9: 2 | I9: 0
A10: 2445-78-5 | B10: 2-Methylbutyl-2-methylbutyrat | C10: 0 | D10: 0 | E10: 0 | F10: 0 | G10: 0 | H10: 0 | I10: 0
A11: 624-41-9 | B11: 2-Methylbutylacetat Kosher Halal | C11: 0 | D11: 0 | E11: 0 | F11: 0 | G11: 0 | H11: 0 | I11: 0
A12: 51115-64-1 | B12: 2-Methylbutylbutyrat | C12: 0 | D12: 0 | E12: 0 | F12: 0 | G12: 0 | H12: 0 | I12: 0
A13: 2445-77-4 | B13: 2-Methylbutylisovalerat | C13: 0 | D13: 0 | E13: 0 | F13: 0 | G13: 0 | H13: 0 | I13: 0
A14: 821-55-6 | B14: 2-Nonanon, natürlich Halal | C14: 0 | D14: 0 | E14: 0 | F14: 0 | G14: 0 | H14: 0 | I14: 0
... A79: 10191-41-0 | B79: DL-Alpha-Tocopherol Halal | C79: 0 | D79: 0 | E79: 0 | F79: 0 | G79: 0 | H79: 0 | I79: 0
B80: Erdbeer-Aroma Wasserphase Kosher, BG | C80: 0 | D80: 2 | E80: 2 | F80: 0 | G80: 0 | H80: 0 | I80: 2
A81: 64-19-7 | B81: Essigsäure Halal Kosher | C81: 2 | D81: 0 | E81: 0 | F81: 0 | G81: 2 | H81: 2 | I81: 0
A82: 7452-79-1 | B82: Ethyl-2-methylbutyrat Kosher Halal | C82: 0 | D82: 0 | E82: 2 | F82: 0 | G82: 0 | H82: 0 | I82: 0
A83: 141-78-6 | B83: Ethylacetat Kosher Halal | C83: 0 | D83: 0 | E83: 2 | F83: 0 | G83: 0 | H83: 0 | I83: 0
A84: 141-97-9 | B84: Ethylacetoacetat Halal | C84: 0 | D84: 0 | E84: 0 | F84: 0 | G84: 0 | H84: 0 | I84: 0
A85: 93-89-0 | B85: Ethylbenzoat | C85: 0 | D85: 0 | E85: 0 | F85: 0 | G85: 0 | H85: 0 | I85: 0
A86: 105-54-4 | B86: Ethylbutyrat Kosher Halal | C86: 0 | D86: 0 | E86: 2 | F86: 0 | G86: 0 | H86: 0 | I86: 0
A87: 103-36-6 | B87: Ethylcinnamat Halal | C87: 0 | D87: 0 | E87: 0 | F87: 0 | G87: 0 | H87: 0 | I87: 0
A88: 110-38-3 | B88: Ethyldecanoat Halal | C88: 0 | D88: 0 | E88: 0 | F88: 0 | G88: 0 | H88: 0 | I88: 0
A89: 109-94-4 | B89: Ethylformiat Halal | C89: 0 | D89: 0 | E89: 0 | F89: 0 | G89: 0 | H89: 0 | I89: 0
A90: 27538-09-6 | B90: Ethylfuraneol Kosher Halal | C90: 0 | D90: 0 | E90: 0 | F90: 0 | G90: 0 | H90: 0 | I90: 0
A91: 106-30-9 | B91: Ethylheptanoat | C91: 0 | D91: 0 | E91: 0 | F91: 0 | G91: 0 | H91: 0 | I91: 0
A92: 123-66-0 | B92: Ethylhexanoat Halal | C92: 0 | D92: 0 | E92: 3 | F92: 0 | G92: 0 | H92: 0 | I92: 0
... A227: 68917-33-9 | B227: Zitronenterpene Kosher Halal | C227: 0 | D227: 0 | E227: 0 | F227: 0 | G227: 5 | H227: 2 | I227: 0

Sheet Rezepte
A1: CAS Nr. | B1: Rohstoff | C1: Avg_Norm_When_Present Fred | D1: Avg_Norm_When_Present Meli | E1: 188.977 | F1: 188.977 | G1: 188.977 | I1: 185.267 | J1: 185.267 | K1: 185.267 | M1: 187.894 | Q1: 188.820 | U1: 188.412 | Y1: 187.829 | AC1: 185.237 | AG1: 185.294 | AK1: 187.776 | AP1: Summe(Rez) | AQ1: MW(Rez) | AR1: Med(Rez)
A2: 0 | B2: 0 | E2: Norm. Menge Rezept | F2: Dosage | G2: Norm. Menge Produkt | H2: Z-Score | I2: Norm. Menge Rezept | J2: Dosage | K2: Norm. Menge Produkt | L2: Z-Score | M2: Norm. Menge Rezept | N2: Dosage | O2: Norm. Menge Produkt | P2: Z-Score | Q2: Norm. Menge Rezept | R2: Dosage | S2: Norm. Menge Produkt | T2: Z-Score | U2: Norm. Menge Rezept | V2: Dosage | W2: Norm. Menge Produkt | X2: Z-Score | Y2: Norm. Menge Rezept | Z2: Dosage | AA2: Norm. Menge Produkt | AB2: Z-Score | AC2: Norm. Menge Rezept | AD2: Dosage | AE2: Norm. Menge Produkt | AF2: Z-Score | AG2: Norm. Menge Rezept | AH2: Dosage | AI2: Norm. Menge Produkt | AJ2: Z-Score | AK2: Norm. Menge Rezept | AL2: Dosage | AM2: Norm. Menge Produkt | AN2: Z-Score
A3: 14667-55-1 | B3: 2,3,5-Trimethylpyrazin, natürlich Halal | C3: 0.001746 | D3: 0.0017464503 | E3: 0.0017464503 | F3: 0.6 | G3: =+E3*$F$3 -> 0.0010478702 | H3: =+E3/D3 -> 1 | J3: 0.5 | K3: =I3*$J$3 -> 0 | L3: =+I3/D3 -> 0 | N3: 0.25 | O3: =+M3*$N$3 -> 0 | P3: =+M3/D3 -> 0 | R3: 0.3 | S3: =+Q3*$R$3 -> 0 | T3: =+Q3/D3 -> 0 | V3: 0.4 | W3: =+U3*$V$3 -> 0 | X3: =+U3/D3 -> 0 | Z3: 0.5 | AA3: =+Y3*$Z$3 -> 0 | AB3: =+Y3/D3 -> 0 | AD3: 0.5 | AE3: =+AC3*$AD$3 -> 0 | AF3: =+AC3/D3 -> 0 | AH3: 0.8 | AI3: =+AG3*$AH$3 -> 0 | AJ3: =+AG3/D3 -> 0 | AL3: 0.4 | AM3: =+AK3*$AL$3 -> 0 | AN3: =+AK3/D3 -> 0 | AP3: =SUM(E3,M3) -> 0.0017464503 | AQ3: =AVERAGE(G3,K3) -> 0.0005239351 | AR3: =MEDIAN(G3,K3) -> 0.0005239351
A4: 1192-62-7 | B4: 2-Acetylfuran, natürlich | C4: 0.002551 | D4: 0.0025524763 | G4: =+E4*$F$3 -> 0 | H4: =+E4/D4 -> 0 | K4: =I4*$J$3 -> 0 | L4: =+I4/D4 -> 0 | O4: =+M4*$N$3 -> 0 | P4: =+M4/D4 -> 0 | S4: =+Q4*$R$3 -> 0 | T4: =+Q4/D4 -> 0 | W4: =+U4*$V$3 -> 0 | X4: =+U4/D4 -> 0 | AA4: =+Y4*$Z$3 -> 0 | AB4: =+Y4/D4 -> 0 | AE4: =+AC4*$AD$3 -> 0 | AF4: =+AC4/D4 -> 0 | AI4: =+AG4*$AH$3 -> 0 | AJ4: =+AG4/D4 -> 0 | AM4: =+AK4*$AL$3 -> 0 | AN4: =+AK4/D4 -> 0 | AP4: =SUM(G4,K4) -> 0 | AQ4: =AVERAGE(G4,K4) -> 0 | AR4: =MEDIAN(G4,K4) -> 0
A5: 15679-12-6 | B5: 2-Ethyl-4-methylthiazol, natürlich | C5: 4e-06 | D5: 1.5966364e-05 | G5: =+E5*$F$3 -> 0 | H5: =+E5/D5 -> 0 | K5: =I5*$J$3 -> 0 | L5: =+I5/D5 -> 0 | O5: =+M5*$N$3 -> 0 | P5: =+M5/D5 -> 0 | S5: =+Q5*$R$3 -> 0 | T5: =+Q5/D5 -> 0 | W5: =+U5*$V$3 -> 0 | X5: =+U5/D5 -> 0 | AA5: =+Y5*$Z$3 -> 0 | AB5: =+Y5/D5 -> 0 | AE5: =+AC5*$AD$3 -> 0 | AF5: =+AC5/D5 -> 0 | AI5: =+AG5*$AH$3 -> 0 | AJ5: =+AG5/D5 -> 0 | AM5: =+AK5*$AL$3 -> 0 | AN5: =+AK5/D5 -> 0 | AP5: =SUM(G5,K5) -> 0 | AQ5: =AVERAGE(G5,K5) -> 0 | AR5: =MEDIAN(G5,K5) -> 0
A6: 110-43-0 | B6: 2-Heptanon Halal | C6: 0.002114 | D6: 0.005457918 | G6: =+E6*$F$3 -> 0 | H6: =+E6/D6 -> 0 | K6: =I6*$J$3 -> 0 | L6: =+I6/D6 -> 0 | O6: =+M6*$N$3 -> 0 | P6: =+M6/D6 -> 0 | S6: =+Q6*$R$3 -> 0 | T6: =+Q6/D6 -> 0 | W6: =+U6*$V$3 -> 0 | X6: =+U6/D6 -> 0 | AA6: =+Y6*$Z$3 -> 0 | AB6: =+Y6/D6 -> 0 | AE6: =+AC6*$AD$3 -> 0 | AF6: =+AC6/D6 -> 0 | AI6: =+AG6*$AH$3 -> 0 | AJ6: =+AG6/D6 -> 0 | AM6: =+AK6*$AL$3 -> 0 | AN6: =+AK6/D6 -> 0 | AP6: =SUM(G6,K6) -> 0 | AQ6: =AVERAGE(G6,K6) -> 0 | AR6: =MEDIAN(G6,K6) -> 0
A7: 137-32-6 | B7: 2-Methyl-1-butanol, natürlich Kosher Halal | C7: 0.001757 | D7: 0.010954855 | G7: =+E7*$F$3 -> 0 | H7: =+E7/D7 -> 0 | K7: =I7*$J$3 -> 0 | L7: =+I7/D7 -> 0 | O7: =+M7*$N$3 -> 0 | P7: =+M7/D7 -> 0 | S7: =+Q7*$R$3 -> 0 | T7: =+Q7/D7 -> 0 | W7: =+U7*$V$3 -> 0 | X7: =+U7/D7 -> 0 | AA7: =+Y7*$Z$3 -> 0 | AB7: =+Y7/D7 -> 0 | AE7: =+AC7*$AD$3 -> 0 | AF7: =+AC7/D7 -> 0 | AI7: =+AG7*$AH$3 -> 0 | AJ7: =+AG7/D7 -> 0 | AM7: =+AK7*$AL$3 -> 0 | AN7: =+AK7/D7 -> 0 | AP7: =SUM(G7,K7) -> 0 | AQ7: =AVERAGE(G7,K7) -> 0 | AR7: =MEDIAN(G7,K7) -> 0
A8: 3142-72-1 | B8: 2-Methyl-2-pentensäure | C8: 0.005825 | D8: 0.0080171916 | E8: 0.0023286005 | G8: =+E8*$F$3 -> 0.0013971603 | H8: =+E8/D8 -> 0.29045089 | K8: =I8*$J$3 -> 0 | L8: =+I8/D8 -> 0 | O8: =+M8*$N$3 -> 0 | P8: =+M8/D8 -> 0 | S8: =+Q8*$R$3 -> 0 | T8: =+Q8/D8 -> 0 | W8: =+U8*$V$3 -> 0 | X8: =+U8/D8 -> 0 | AA8: =+Y8*$Z$3 -> 0 | AB8: =+Y8/D8 -> 0 | AE8: =+AC8*$AD$3 -> 0 | AF8: =+AC8/D8 -> 0 | AI8: =+AG8*$AH$3 -> 0 | AJ8: =+AG8/D8 -> 0 | AM8: =+AK8*$AL$3 -> 0 | AN8: =+AK8/D8 -> 0 | AP8: =SUM(G8,K8) -> 0.0013971603 | AQ8: =AVERAGE(G8,K8) -> 0.00069858014 | AR8: =MEDIAN(G8,K8) -> 0.00069858014
A9: 116-53-0 | B9: 2-Methylbuttersäure Halal Kosher | C9: 0.063624 | D9: 0.075563403 | E9: 0.081501016 | G9: =+E9*$F$3 -> 0.04890061 | H9: =+E9/D9 -> 1.0785779 | I9: 0.26470455 | K9: =I9*$J$3 -> 0.13235227 | L9: =+I9/D9 -> 3.5030787 | M9: 0.059889355 | O9: =+M9*$N$3 -> 0.014972339 | P9: =+M9/D9 -> 0.79257091 | Q9: 0.095326965 | S9: =+Q9*$R$3 -> 0.028598089 | T9: =+Q9/D9 -> 1.2615494 | U9: 0.14685356 | W9: =+U9*$V$3 -> 0.058741422 | X9: =+U9/D9 -> 1.9434482 | Y9: 0.21127333 | AA9: =+Y9*$Z$3 -> 0.10563667 | AB9: =+Y9/D9 -> 2.7959743 | AC9: 0.16354882 | AE9: =+AC9*$AD$3 -> 0.081774408 | AF9: =+AC9/D9 -> 2.1643919 | AG9: 0.068143231 | AI9: =+AG9*$AH$3 -> 0.054514585 | AJ9: =+AG9/D9 -> 0.90180203 | AK9: 0.057998393 | AM9: =+AK9*$AL$3 -> 0.023199357 | AN9: =+AK9/D9 -> 0.76754607 | AP9: =SUM(G9,K9) -> 0.18125288 | AQ9: =AVERAGE(G9,K9) -> 0.090626441 | AR9: =MEDIAN(G9,K9) -> 0.090626441
A10: 2445-78-5 | B10: 2-Methylbutyl-2-methylbutyrat | C10: 0.000186 | D10: 0.00018632901 | G10: =+E10*$F$3 -> 0 | H10: =+E10/D10 -> 0 | K10: =I10*$J$3 -> 0 | L10: =+I10/D10 -> 0 | O10: =+M10*$N$3 -> 0 | P10: =+M10/D10 -> 0 | S10: =+Q10*$R$3 -> 0 | T10: =+Q10/D10 -> 0 | W10: =+U10*$V$3 -> 0 | X10: =+U10/D10 -> 0 | AA10: =+Y10*$Z$3 -> 0 | AB10: =+Y10/D10 -> 0 | AE10: =+AC10*$AD$3 -> 0 | AF10: =+AC10/D10 -> 0 | AI10: =+AG10*$AH$3 -> 0 | AJ10: =+AG10/D10 -> 0 | AM10: =+AK10*$AL$3 -> 0 | AN10: =+AK10/D10 -> 0 | AP10: =SUM(G10,K10) -> 0 | AQ10: =AVERAGE(G10,K10) -> 0 | AR10: =MEDIAN(G10,K10) -> 0
A11: 624-41-9 | B11: 2-Methylbutylacetat Kosher Halal | C11: 0.001025 | D11: 0.0016621992 | G11: =+E11*$F$3 -> 0 | H11: =+E11/D11 -> 0 | K11: =I11*$J$3 -> 0 | L11: =+I11/D11 -> 0 | O11: =+M11*$N$3 -> 0 | P11: =+M11/D11 -> 0 | S11: =+Q11*$R$3 -> 0 | T11: =+Q11/D11 -> 0 | W11: =+U11*$V$3 -> 0 | X11: =+U11/D11 -> 0 | AA11: =+Y11*$Z$3 -> 0 | AB11: =+Y11/D11 -> 0 | AE11: =+AC11*$AD$3 -> 0 | AF11: =+AC11/D11 -> 0 | AI11: =+AG11*$AH$3 -> 0 | AJ11: =+AG11/D11 -> 0 | AM11: =+AK11*$AL$3 -> 0 | AN11: =+AK11/D11 -> 0 | AP11: =SUM(G11,K11) -> 0 | AQ11: =AVERAGE(G11,K11) -> 0 | AR11: =MEDIAN(G11,K11) -> 0
A12: 51115-64-1 | B12: 2-Methylbutylbutyrat | C12: 0.003767 | D12: 0.0033964943 | G12: =+E12*$F$3 -> 0 | H12: =+E12/D12 -> 0 | K12: =I12*$J$3 -> 0 | L12: =+I12/D12 -> 0 | M12: 0.00069988728 | O12: =+M12*$N$3 -> 0.00017497182 | P12: =+M12/D12 -> 0.20606167 | S12: =+Q12*$R$3 -> 0 | T12: =+Q12/D12 -> 0 | W12: =+U12*$V$3 -> 0 | X12: =+U12/D12 -> 0 | AA12: =+Y12*$Z$3 -> 0 | AB12: =+Y12/D12 -> 0 | AE12: =+AC12*$AD$3 -> 0 | AF12: =+AC12/D12 -> 0 | AI12: =+AG12*$AH$3 -> 0 | AJ12: =+AG12/D12 -> 0 | AM12: =+AK12*$AL$3 -> 0 | AN12: =+AK12/D12 -> 0 | AP12: =SUM(G12,K12) -> 0 | AQ12: =AVERAGE(G12,K12) -> 0 | AR12: =MEDIAN(G12,K12) -> 0
A13: 2445-77-4 | B13: 2-Methylbutylisovalerat | C13: 0.003091 | D13: 0.0031574925 | G13: =+E13*$F$3 -> 0 | H13: =+E13/D13 -> 0 | K13: =I13*$J$3 -> 0 | L13: =+I13/D13 -> 0 | O13: =+M13*$N$3 -> 0 | P13: =+M13/D13 -> 0 | S13: =+Q13*$R$3 -> 0 | T13: =+Q13/D13 -> 0 | W13: =+U13*$V$3 -> 0 | X13: =+U13/D13 -> 0 | AA13: =+Y13*$Z$3 -> 0 | AB13: =+Y13/D13 -> 0 | AE13: =+AC13*$AD$3 -> 0 | AF13: =+AC13/D13 -> 0 | AI13: =+AG13*$AH$3 -> 0 | AJ13: =+AG13/D13 -> 0 | AM13: =+AK13*$AL$3 -> 0 | AN13: =+AK13/D13 -> 0 | AP13: =SUM(G13,K13) -> 0 | AQ13: =AVERAGE(G13,K13) -> 0 | AR13: =MEDIAN(G13,K13) -> 0
A14: 821-55-6 | B14: 2-Nonanon, natürlich Halal | C14: 0.000113 | D14: 0.00013954669 | G14: =+E14*$F$3 -> 0 | H14: =+E14/D14 -> 0 | K14: =I14*$J$3 -> 0 | L14: =+I14/D14 -> 0 | O14: =+M14*$N$3 -> 0 | P14: =+M14/D14 -> 0 | S14: =+Q14*$R$3 -> 0 | T14: =+Q14/D14 -> 0 | W14: =+U14*$V$3 -> 0 | X14: =+U14/D14 -> 0 | AA14: =+Y14*$Z$3 -> 0 | AB14: =+Y14/D14 -> 0 | AE14: =+AC14*$AD$3 -> 0 | AF14: =+AC14/D14 -> 0 | AI14: =+AG14*$AH$3 -> 0 | AJ14: =+AG14/D14 -> 0 | AM14: =+AK14*$AL$3 -> 0 | AN14: =+AK14/D14 -> 0 | AP14: =SUM(G14,K14) -> 0 | AQ14: =AVERAGE(G14,K14) -> 0 | AR14: =MEDIAN(G14,K14) -> 0
A15: 111-13-7 | B15: 2-Octanon Halal | C15: 0.001896 | D15: 0.0048223366 | G15: =+E15*$F$3 -> 0 | H15: =+E15/D15 -> 0 | K15: =I15*$J$3 -> 0 | L15: =+I15/D15 -> 0 | O15: =+M15*$N$3 -> 0 | P15: =+M15/D15 -> 0 | S15: =+Q15*$R$3 -> 0 | T15: =+Q15/D15 -> 0 | W15: =+U15*$V$3 -> 0 | X15: =+U15/D15 -> 0 | AA15: =+Y15*$Z$3 -> 0 | AB15: =+Y15/D15 -> 0 | AE15: =+AC15*$AD$3 -> 0 | AF15: =+AC15/D15 -> 0 | AI15: =+AG15*$AH$3 -> 0 | AJ15: =+AG15/D15 -> 0 | AM15: =+AK15*$AL$3 -> 0 | AN15: =+AK15/D15 -> 0 | AP15: =SUM(G15,K15) -> 0 | AQ15: =AVERAGE(G15,K15) -> 0 | AR15: =MEDIAN(G15,K15) -> 0
A16: 4643-27-0 | B16: 2-Octen-4-on | C16: 0.00114 | D16: 0.0011403701 | G16: =+E16*$F$3 -> 0 | H16: =+E16/D16 -> 0 | K16: =I16*$J$3 -> 0 | L16: =+I16/D16 -> 0 | O16: =+M16*$N$3 -> 0 | P16: =+M16/D16 -> 0 | S16: =+Q16*$R$3 -> 0 | T16: =+Q16/D16 -> 0 | W16: =+U16*$V$3 -> 0 | X16: =+U16/D16 -> 0 | AA16: =+Y16*$Z$3 -> 0 | AB16: =+Y16/D16 -> 0 | AE16: =+AC16*$AD$3 -> 0 | AF16: =+AC16/D16 -> 0 | AI16: =+AG16*$AH$3 -> 0 | AJ16: =+AG16/D16 -> 0 | AM16: =+AK16*$AL$3 -> 0 | AN16: =+AK16/D16 -> 0 | AP16: =SUM(G16,K16) -> 0 | AQ16: =AVERAGE(G16,K16) -> 0 | AR16: =MEDIAN(G16,K16) -> 0
A17: 107-87-9 | B17: 2-Pentanon, natürlich Halal | C17: 0.000576 | D17: 0.00075018613 | G17: =+E17*$F$3 -> 0 | H17: =+E17/D17 -> 0 | K17: =I17*$J$3 -> 0 | L17: =+I17/D17 -> 0 | O17: =+M17*$N$3 -> 0 | P17: =+M17/D17 -> 0 | S17: =+Q17*$R$3 -> 0 | T17: =+Q17/D17 -> 0 | W17: =+U17*$V$3 -> 0 | X17: =+U17/D17 -> 0 | AA17: =+Y17*$Z$3 -> 0 | AB17: =+Y17/D17 -> 0 | AE17: =+AC17*$AD$3 -> 0 | AF17: =+AC17/D17 -> 0 | AI17: =+AG17*$AH$3 -> 0 | AJ17: =+AG17/D17 -> 0 | AM17: =+AK17*$AL$3 -> 0 | AN17: =+AK17/D17 -> 0 | AP17: =SUM(G17,K17) -> 0 | AQ17: =AVERAGE(G17,K17) -> 0 | AR17: =MEDIAN(G17,K17) -> 0
A18: 112-12-9 | B18: 2-Undecanon, natürlich Halal | C18: 0.000103 | D18: 0.0001326206 | G18: =+E18*$F$3 -> 0 | H18: =+E18/D18 -> 0 | K18: =I18*$J$3 -> 0 | L18: =+I18/D18 -> 0 | O18: =+M18*$N$3 -> 0 | P18: =+M18/D18 -> 0 | S18: =+Q18*$R$3 -> 0 | T18: =+Q18/D18 -> 0 | W18: =+U18*$V$3 -> 0 | X18: =+U18/D18 -> 0 | AA18: =+Y18*$Z$3 -> 0 | AB18: =+Y18/D18 -> 0 | AE18: =+AC18*$AD$3 -> 0 | AF18: =+AC18/D18 -> 0 | AI18: =+AG18*$AH$3 -> 0 | AJ18: =+AG18/D18 -> 0 | AM18: =+AK18*$AL$3 -> 0 | AN18: =+AK18/D18 -> 0 | AP18: =SUM(G18,K18) -> 0 | AQ18: =AVERAGE(G18,K18) -> 0 | AR18: =MEDIAN(G18,K18) -> 0
A19: 7786-61-0 | B19: 4-Vinylguajacol 1% in PG, natürlich | C19: 7e-05 | D19: 6.9843441e-05 | G19: =+E19*$F$3 -> 0 | H19: =+E19/D19 -> 0 | K19: =I19*$J$3 -> 0 | L19: =+I19/D19 -> 0 | O19: =+M19*$N$3 -> 0 | P19: =+M19/D19 -> 0 | S19: =+Q19*$R$3 -> 0 | T19: =+Q19/D19 -> 0 | W19: =+U19*$V$3 -> 0 | X19: =+U19/D19 -> 0 | AA19: =+Y19*$Z$3 -> 0 | AB19: =+Y19/D19 -> 0 | AE19: =+AC19*$AD$3 -> 0 | AF19: =+AC19/D19 -> 0 | AI19: =+AG19*$AH$3 -> 0 | AJ19: =+AG19/D19 -> 0 | AM19: =+AK19*$AL$3 -> 0 | AN19: =+AK19/D19 -> 0 | AP19: =SUM(G19,K19) -> 0 | AQ19: =AVERAGE(G19,K19) -> 0 | AR19: =MEDIAN(G19,K19) -> 0
A20: 105-57-7 | B20: Acetal Halal | C20: 0.00121 | D20: 0.0038671442 | G20: =+E20*$F$3 -> 0 | H20: =+E20/D20 -> 0 | K20: =I20*$J$3 -> 0 | L20: =+I20/D20 -> 0 | M20: 0.0019946788 | O20: =+M20*$N$3 -> 0.00049866969 | P20: =+M20/D20 -> 0.51580149 | S20: =+Q20*$R$3 -> 0 | T20: =+Q20/D20 -> 0 | W20: =+U20*$V$3 -> 0 | X20: =+U20/D20 -> 0 | AA20: =+Y20*$Z$3 -> 0 | AB20: =+Y20/D20 -> 0 | AE20: =+AC20*$AD$3 -> 0 | AF20: =+AC20/D20 -> 0 | AI20: =+AG20*$AH$3 -> 0 | AJ20: =+AG20/D20 -> 0 | AM20: =+AK20*$AL$3 -> 0 | AN20: =+AK20/D20 -> 0 | AP20: =SUM(G20,K20) -> 0 | AQ20: =AVERAGE(G20,K20) -> 0 | AR20: =MEDIAN(G20,K20) -> 0
A21: 75-07-0 | B21: Acetaldehyd Halal Kosher | C21: 0.006845 | D21: 0.0072243473 | G21: =+E21*$F$3 -> 0 | H21: =+E21/D21 -> 0 | K21: =I21*$J$3 -> 0 | L21: =+I21/D21 -> 0 | O21: =+M21*$N$3 -> 0 | P21: =+M21/D21 -> 0 | Q21: 0.00067131665 | S21: =+Q21*$R$3 -> 0.000201395 | T21: =+Q21/D21 -> 0.092924194 | W21: =+U21*$V$3 -> 0 | X21: =+U21/D21 -> 0 | AA21: =+Y21*$Z$3 -> 0 | AB21: =+Y21/D21 -> 0 | AE21: =+AC21*$AD$3 -> 0 | AF21: =+AC21/D21 -> 0 | AG21: 0.0053057829 | AI21: =+AG21*$AH$3 -> 0.0042446263 | AJ21: =+AG21/D21 -> 0.73443076 | AM21: =+AK21*$AL$3 -> 0 | AN21: =+AK21/D21 -> 0 | AP21: =SUM(G21,K21) -> 0 | AQ21: =AVERAGE(G21,K21) -> 0 | AR21: =MEDIAN(G21,K21) -> 0
A22: 3390-12-3 | B22: Acetaldehyd PG acetal | C22: 0.007211 | D22: 0.0072058862 | G22: =+E22*$F$3 -> 0 | H22: =+E22/D22 -> 0 | K22: =I22*$J$3 -> 0 | L22: =+I22/D22 -> 0 | O22: =+M22*$N$3 -> 0 | P22: =+M22/D22 -> 0 | S22: =+Q22*$R$3 -> 0 | T22: =+Q22/D22 -> 0 | W22: =+U22*$V$3 -> 0 | X22: =+U22/D22 -> 0 | AA22: =+Y22*$Z$3 -> 0 | AB22: =+Y22/D22 -> 0 | AE22: =+AC22*$AD$3 -> 0 | AF22: =+AC22/D22 -> 0 | AI22: =+AG22*$AH$3 -> 0 | AJ22: =+AG22/D22 -> 0 | AM22: =+AK22*$AL$3 -> 0 | AN22: =+AK22/D22 -> 0 | AP22: =SUM(G22,K22) -> 0 | AQ22: =AVERAGE(G22,K22) -> 0 | AR22: =MEDIAN(G22,K22) -> 0
A23: 513-86-0 | B23: Acetoin, natürlich Kosher Halal PUR umgerechnet!!! | C23: 0.040827 | D23: 0.016429707 | H23: =+E23/D23 -> 0 | L23: =+I23/D23 -> 0 | P23: =+M23/D23 -> 0 | S23: =+Q23*$R$3 -> 0 | T23: =+Q23/D23 -> 0 | W23: =+U23*$V$3 -> 0 | X23: =+U23/D23 -> 0 | AA23: =+Y23*$Z$3 -> 0 | AB23: =+Y23/D23 -> 0 | AE23: =+AC23*$AD$3 -> 0 | AF23: =+AC23/D23 -> 0 | AG23: 0.002666 | AI23: =+AG23*$AH$3 -> 0.0021328 | AJ23: =+AG23/D23 -> 0.16226705 | AM23: =+AK23*$AL$3 -> 0 | AN23: =+AK23/D23 -> 0
A24: 67-64-1 | B24: Aceton | C24: 0.000885 | D24: 0.00088462408 | G24: =+E24*$F$3 -> 0 | H24: =+E24/D24 -> 0 | K24: =I24*$J$3 -> 0 | L24: =+I24/D24 -> 0 | O24: =+M24*$N$3 -> 0 | P24: =+M24/D24 -> 0 | S24: =+Q24*$R$3 -> 0 | T24: =+Q24/D24 -> 0 | W24: =+U24*$V$3 -> 0 | X24: =+U24/D24 -> 0 | AA24: =+Y24*$Z$3 -> 0 | AB24: =+Y24/D24 -> 0 | AE24: =+AC24*$AD$3 -> 0 | AF24: =+AC24/D24 -> 0 | AI24: =+AG24*$AH$3 -> 0 | AJ24: =+AG24/D24 -> 0 | AM24: =+AK24*$AL$3 -> 0 | AN24: =+AK24/D24 -> 0 | AP24: =SUM(G24,K24) -> 0 | AQ24: =AVERAGE(G24,K24) -> 0 | AR24: =MEDIAN(G24,K24) -> 0
A25: 98-86-2 | B25: Acetophenon, natürlich Halal | C25: 0.000534 | D25: 0.00099664938 | G25: =+E25*$F$3 -> 0 | H25: =+E25/D25 -> 0 | K25: =I25*$J$3 -> 0 | L25: =+I25/D25 -> 0 | O25: =+M25*$N$3 -> 0 | P25: =+M25/D25 -> 0 | S25: =+Q25*$R$3 -> 0 | T25: =+Q25/D25 -> 0 | W25: =+U25*$V$3 -> 0 | X25: =+U25/D25 -> 0 | AA25: =+Y25*$Z$3 -> 0 | AB25: =+Y25/D25 -> 0 | AE25: =+AC25*$AD$3 -> 0 | AF25: =+AC25/D25 -> 0 | AI25: =+AG25*$AH$3 -> 0 | AJ25: =+AG25/D25 -> 0 | AM25: =+AK25*$AL$3 -> 0 | AN25: =+AK25/D25 -> 0 | AP25: =SUM(G25,K25) -> 0 | AQ25: =AVERAGE(G25,K25) -> 0 | AR25: =MEDIAN(G25,K25) -> 0
A26: 2719-08-6 | B26: Acetyl N-methylanthranilat | C26: 0.001344 | D26: 0.0011139492 | G26: =+E26*$F$3 -> 0 | H26: =+E26/D26 -> 0 | K26: =I26*$J$3 -> 0 | L26: =+I26/D26 -> 0 | O26: =+M26*$N$3 -> 0 | P26: =+M26/D26 -> 0 | S26: =+Q26*$R$3 -> 0 | T26: =+Q26/D26 -> 0 | W26: =+U26*$V$3 -> 0 | X26: =+U26/D26 -> 0 | AA26: =+Y26*$Z$3 -> 0 | AB26: =+Y26/D26 -> 0 | AE26: =+AC26*$AD$3 -> 0 | AF26: =+AC26/D26 -> 0 | AI26: =+AG26*$AH$3 -> 0 | AJ26: =+AG26/D26 -> 0 | AM26: =+AK26*$AL$3 -> 0 | AN26: =+AK26/D26 -> 0 | AP26: =SUM(G26,K26) -> 0 | AQ26: =AVERAGE(G26,K26) -> 0 | AR26: =MEDIAN(G26,K26) -> 0
A27: 600-14-6 | B27: Acetylpropionyl Halal | C27: 0.01055 | D27: 0.014565697 | G27: =+E27*$F$3 -> 0 | H27: =+E27/D27 -> 0 | K27: =I27*$J$3 -> 0 | L27: =+I27/D27 -> 0 | M27: 0.0038143857 | O27: =+M27*$N$3 -> 0.00095359642 | P27: =+M27/D27 -> 0.26187457 | S27: =+Q27*$R$3 -> 0 | T27: =+Q27/D27 -> 0 | W27: =+U27*$V$3 -> 0 | X27: =+U27/D27 -> 0 | AA27: =+Y27*$Z$3 -> 0 | AB27: =+Y27/D27 -> 0 | AE27: =+AC27*$AD$3 -> 0 | AF27: =+AC27/D27 -> 0 | AI27: =+AG27*$AH$3 -> 0 | AJ27: =+AG27/D27 -> 0 | AM27: =+AK27*$AL$3 -> 0 | AN27: =+AK27/D27 -> 0 | AP27: =SUM(G27,K27) -> 0 | AQ27: =AVERAGE(G27,K27) -> 0 | AR27: =MEDIAN(G27,K27) -> 0
A28: 123-68-2 | B28: Allylhexanoat, natürlich Halal | C28: 0.000312 | D28: 0.00031244065 | G28: =+E28*$F$3 -> 0 | H28: =+E28/D28 -> 0 | K28: =I28*$J$3 -> 0 | L28: =+I28/D28 -> 0 | O28: =+M28*$N$3 -> 0 | P28: =+M28/D28 -> 0 | S28: =+Q28*$R$3 -> 0 | T28: =+Q28/D28 -> 0 | W28: =+U28*$V$3 -> 0 | X28: =+U28/D28 -> 0 | AA28: =+Y28*$Z$3 -> 0 | AB28: =+Y28/D28 -> 0 | AE28: =+AC28*$AD$3 -> 0 | AF28: =+AC28/D28 -> 0 | AI28: =+AG28*$AH$3 -> 0 | AJ28: =+AG28/D28 -> 0 | AM28: =+AK28*$AL$3 -> 0 | AN28: =+AK28/D28 -> 0 | AP28: =SUM(G28,K28) -> 0 | AQ28: =AVERAGE(G28,K28) -> 0 | AR28: =MEDIAN(G28,K28) -> 0
A29: 127-41-3 | B29: alpha-Ionon Halal Kosher | C29: 0.002592 | D29: 0.0025923091 | G29: =+E29*$F$3 -> 0 | H29: =+E29/D29 -> 0 | K29: =I29*$J$3 -> 0 | L29: =+I29/D29 -> 0 | O29: =+M29*$N$3 -> 0 | P29: =+M29/D29 -> 0 | S29: =+Q29*$R$3 -> 0 | T29: =+Q29/D29 -> 0 | W29: =+U29*$V$3 -> 0 | X29: =+U29/D29 -> 0 | AA29: =+Y29*$Z$3 -> 0 | AB29: =+Y29/D29 -> 0 | AE29: =+AC29*$AD$3 -> 0 | AF29: =+AC29/D29 -> 0 | AI29: =+AG29*$AH$3 -> 0 | AJ29: =+AG29/D29 -> 0 | AM29: =+AK29*$AL$3 -> 0 | AN29: =+AK29/D29 -> 0 | AP29: =SUM(G29,K29) -> 0 | AQ29: =AVERAGE(G29,K29) -> 0 | AR29: =MEDIAN(G29,K29) -> 0
A30: 79-69-6 | B30: alpha-Iron | C30: 0.000303 | D30: 0.00030298469 | G30: =+E30*$F$3 -> 0 | H30: =+E30/D30 -> 0 | K30: =I30*$J$3 -> 0 | L30: =+I30/D30 -> 0 | O30: =+M30*$N$3 -> 0 | P30: =+M30/D30 -> 0 | S30: =+Q30*$R$3 -> 0 | T30: =+Q30/D30 -> 0 | W30: =+U30*$V$3 -> 0 | X30: =+U30/D30 -> 0 | AA30: =+Y30*$Z$3 -> 0 | AB30: =+Y30/D30 -> 0 | AE30: =+AC30*$AD$3 -> 0 | AF30: =+AC30/D30 -> 0 | AI30: =+AG30*$AH$3 -> 0 | AJ30: =+AG30/D30 -> 0 | AM30: =+AK30*$AL$3 -> 0 | AN30: =+AK30/D30 -> 0 | AP30: =SUM(G30,K30) -> 0 | AQ30: =AVERAGE(G30,K30) -> 0 | AR30: =MEDIAN(G30,K30) -> 0
A31: 98-55-5 | B31: alpha-Terpineol Kosher Halal | C31: 0.016242 | D31: 0.016830004 | G31: =+E31*$F$3 -> 0 | H31: =+E31/D31 -> 0 | K31: =I31*$J$3 -> 0 | L31: =+I31/D31 -> 0 | O31: =+M31*$N$3 -> 0 | P31: =+M31/D31 -> 0 | S31: =+Q31*$R$3 -> 0 | T31: =+Q31/D31 -> 0 | W31: =+U31*$V$3 -> 0 | X31: =+U31/D31 -> 0 | AA31: =+Y31*$Z$3 -> 0 | AB31: =+Y31/D31 -> 0 | AE31: =+AC31*$AD$3 -> 0 | AF31: =+AC31/D31 -> 0 | AI31: =+AG31*$AH$3 -> 0 | AJ31: =+AG31/D31 -> 0 | AM31: =+AK31*$AL$3 -> 0 | AN31: =+AK31/D31 -> 0 | AP31: =SUM(G31,K31) -> 0 | AQ31: =AVERAGE(G31,K31) -> 0 | AR31: =MEDIAN(G31,K31) -> 0
A32: 64-18-6 | B32: Ameisensäure 80%, natürlich Kosher, Halal | C32: 0.000538 | D32: 0.008404065 | E32: 0.00024450305 | G32: =+E32*$F$3 -> 0.00014670183 | H32: =+E32/D32 -> 0.029093426 | K32: =I32*$J$3 -> 0 | L32: =+I32/D32 -> 0 | O32: =+M32*$N$3 -> 0 | P32: =+M32/D32 -> 0 | Q32: 6.7131665e-06 | S32: =+Q32*$R$3 -> 2.01395e-06 | T32: =+Q32/D32 -> 0.00079879993 | W32: =+U32*$V$3 -> 0 | X32: =+U32/D32 -> 0 | AA32: =+Y32*$Z$3 -> 0 | AB32: =+Y32/D32 -> 0 | AC32: 0.0058864388 | AE32: =+AC32*$AD$3 -> 0.0029432194 | AF32: =+AC32/D32 -> 0.70042757 | AI32: =+AG32*$AH$3 -> 0 | AJ32: =+AG32/D32 -> 0 | AK32: 8.648095e-06 | AM32: =+AK32*$AL$3 -> 3.459238e-06 | AN32: =+AK32/D32 -> 0.0010290371 | AP32: =SUM(G32,K32) -> 0.00014670183 | AQ32: =AVERAGE(G32,K32) -> 7.3350914e-05 | AR32: =MEDIAN(G32,K32) -> 7.3350914e-05
A33: 540-18-1 | B33: Amylbutyrat | C33: 0.015147 | D33: 0.015147394 | G33: =+E33*$F$3 -> 0 | H33: =+E33/D33 -> 0 | K33: =I33*$J$3 -> 0 | L33: =+I33/D33 -> 0 | O33: =+M33*$N$3 -> 0 | P33: =+M33/D33 -> 0 | S33: =+Q33*$R$3 -> 0 | T33: =+Q33/D33 -> 0 | W33: =+U33*$V$3 -> 0 | X33: =+U33/D33 -> 0 | AA33: =+Y33*$Z$3 -> 0 | AB33: =+Y33/D33 -> 0 | AE33: =+AC33*$AD$3 -> 0 | AF33: =+AC33/D33 -> 0 | AI33: =+AG33*$AH$3 -> 0 | AJ33: =+AG33/D33 -> 0 | AM33: =+AK33*$AL$3 -> 0 | AN33: =+AK33/D33 -> 0 | AP33: =SUM(G33,K33) -> 0 | AQ33: =AVERAGE(G33,K33) -> 0 | AR33: =MEDIAN(G33,K33) -> 0
A34: 123-11-5 | B34: Anisaldehyd Halal | C34: 0.005509 | D34: 0.0055091749 | G34: =+E34*$F$3 -> 0 | H34: =+E34/D34 -> 0 | K34: =I34*$J$3 -> 0 | L34: =+I34/D34 -> 0 | O34: =+M34*$N$3 -> 0 | P34: =+M34/D34 -> 0 | S34: =+Q34*$R$3 -> 0 | T34: =+Q34/D34 -> 0 | W34: =+U34*$V$3 -> 0 | X34: =+U34/D34 -> 0 | AA34: =+Y34*$Z$3 -> 0 | AB34: =+Y34/D34 -> 0 | AE34: =+AC34*$AD$3 -> 0 | AF34: =+AC34/D34 -> 0 | AI34: =+AG34*$AH$3 -> 0 | AJ34: =+AG34/D34 -> 0 | AM34: =+AK34*$AL$3 -> 0 | AN34: =+AK34/D34 -> 0 | AP34: =SUM(G34,K34) -> 0 | AQ34: =AVERAGE(G34,K34) -> 0 | AR34: =MEDIAN(G34,K34) -> 0
A35: 104-21-2 | B35: Anisylacetat Halal | C35: 0.00109 | D35: 0.0014223424 | G35: =+E35*$F$3 -> 0 | H35: =+E35/D35 -> 0 | K35: =I35*$J$3 -> 0 | L35: =+I35/D35 -> 0 | O35: =+M35*$N$3 -> 0 | P35: =+M35/D35 -> 0 | S35: =+Q35*$R$3 -> 0 | T35: =+Q35/D35 -> 0 | W35: =+U35*$V$3 -> 0 | X35: =+U35/D35 -> 0 | AA35: =+Y35*$Z$3 -> 0 | AB35: =+Y35/D35 -> 0 | AE35: =+AC35*$AD$3 -> 0 | AF35: =+AC35/D35 -> 0 | AI35: =+AG35*$AH$3 -> 0 | AJ35: =+AG35/D35 -> 0 | AM35: =+AK35*$AL$3 -> 0 | AN35: =+AK35/D35 -> 0 | AP35: =SUM(G35,K35) -> 0 | AQ35: =AVERAGE(G35,K35) -> 0 | AR35: =MEDIAN(G35,K35) -> 0
A36: 100-52-7 | B36: Benzaldehyd Kosher Halal | C36: 0.001532 | D36: 0.0020064464 | G36: =+E36*$F$3 -> 0 | H36: =+E36/D36 -> 0 | K36: =I36*$J$3 -> 0 | L36: =+I36/D36 -> 0 | O36: =+M36*$N$3 -> 0 | P36: =+M36/D36 -> 0 | S36: =+Q36*$R$3 -> 0 | T36: =+Q36/D36 -> 0 | U36: 0.00064377368 | W36: =+U36*$V$3 -> 0.00025750947 | X36: =+U36/D36 -> 0.32085267 | AA36: =+Y36*$Z$3 -> 0 | AB36: =+Y36/D36 -> 0 | AE36: =+AC36*$AD$3 -> 0 | AF36: =+AC36/D36 -> 0 | AI36: =+AG36*$AH$3 -> 0 | AJ36: =+AG36/D36 -> 0 | AK36: 0.0022675979 | AM36: =+AK36*$AL$3 -> 0.00090703916 | AN36: =+AK36/D36 -> 1.1301562 | AP36: =SUM(G36,K36) -> 0 | AQ36: =AVERAGE(G36,K36) -> 0 | AR36: =MEDIAN(G36,K36) -> 0
A37: 140-11-4 | B37: Benzylacetat Halal | C37: 0.004795 | D37: 0.0069628288 | G37: =+E37*$F$3 -> 0 | H37: =+E37/D37 -> 0 | K37: =I37*$J$3 -> 0 | L37: =+I37/D37 -> 0 | O37: =+M37*$N$3 -> 0 | P37: =+M37/D37 -> 0 | S37: =+Q37*$R$3 -> 0 | T37: =+Q37/D37 -> 0 | U37: 0.00096566053 | W37: =+U37*$V$3 -> 0.00038626421 | X37: =+U37/D37 -> 0.13868796 | AA37: =+Y37*$Z$3 -> 0 | AB37: =+Y37/D37 -> 0 | AE37: =+AC37*$AD$3 -> 0 | AF37: =+AC37/D37 -> 0 | AI37: =+AG37*$AH$3 -> 0 | AJ37: =+AG37/D37 -> 0 | AK37: 0.020643115 | AM37: =+AK37*$AL$3 -> 0.008257246 | AN37: =+AK37/D37 -> 2.9647598 | AP37: =SUM(G37,K37) -> 0 | AQ37: =AVERAGE(G37,K37) -> 0 | AR37: =MEDIAN(G37,K37) -> 0
A38: 100-51-6 | B38: Benzylalkohol Halal | C38: 0.017584 | D38: 0.017884854 | E38: 0.0066947263 | G38: =+E38*$F$3 -> 0.0040168358 | H38: =+E38/D38 -> 0.37432378 | K38: =I38*$J$3 -> 0 | L38: =+I38/D38 -> 0 | O38: =+M38*$N$3 -> 0 | P38: =+M38/D38 -> 0 | S38: =+Q38*$R$3 -> 0 | T38: =+Q38/D38 -> 0 | W38: =+U38*$V$3 -> 0 | X38: =+U38/D38 -> 0 | AA38: =+Y38*$Z$3 -> 0 | AB38: =+Y38/D38 -> 0 | AE38: =+AC38*$AD$3 -> 0 | AF38: =+AC38/D38 -> 0 | AI38: =+AG38*$AH$3 -> 0 | AJ38: =+AG38/D38 -> 0 | AM38: =+AK38*$AL$3 -> 0 | AN38: =+AK38/D38 -> 0 | AP38: =SUM(G38,K38) -> 0.0040168358 | AQ38: =AVERAGE(G38,K38) -> 0.0020084179 | AR38: =MEDIAN(G38,K38) -> 0.0020084179
A39: 120-51-4 | B39: Benzylbenzoat Halal | C39: 0.013001 | D39: 0.01300534 | G39: =+E39*$F$3 -> 0 | H39: =+E39/D39 -> 0 | K39: =I39*$J$3 -> 0 | L39: =+I39/D39 -> 0 | O39: =+M39*$N$3 -> 0 | P39: =+M39/D39 -> 0 | S39: =+Q39*$R$3 -> 0 | T39: =+Q39/D39 -> 0 | W39: =+U39*$V$3 -> 0 | X39: =+U39/D39 -> 0 | AA39: =+Y39*$Z$3 -> 0 | AB39: =+Y39/D39 -> 0 | AE39: =+AC39*$AD$3 -> 0 | AF39: =+AC39/D39 -> 0 | AI39: =+AG39*$AH$3 -> 0 | AJ39: =+AG39/D39 -> 0 | AM39: =+AK39*$AL$3 -> 0 | AN39: =+AK39/D39 -> 0 | AP39: =SUM(G39,K39) -> 0 | AQ39: =AVERAGE(G39,K39) -> 0 | AR39: =MEDIAN(G39,K39) -> 0
A40: 103-37-7 | B40: Benzylbutyrat | C40: 0.005581 | D40: 0.0068829093 | G40: =+E40*$F$3 -> 0 | H40: =+E40/D40 -> 0 | K40: =I40*$J$3 -> 0 | L40: =+I40/D40 -> 0 | O40: =+M40*$N$3 -> 0 | P40: =+M40/D40 -> 0 | S40: =+Q40*$R$3 -> 0 | T40: =+Q40/D40 -> 0 | W40: =+U40*$V$3 -> 0 | X40: =+U40/D40 -> 0 | AA40: =+Y40*$Z$3 -> 0 | AB40: =+Y40/D40 -> 0 | AE40: =+AC40*$AD$3 -> 0 | AF40: =+AC40/D40 -> 0 | AI40: =+AG40*$AH$3 -> 0 | AJ40: =+AG40/D40 -> 0 | AK40: 0.0024821156 | AM40: =+AK40*$AL$3 -> 0.00099284623 | AN40: =+AK40/D40 -> 0.36062012 | AP40: =SUM(G40,K40) -> 0 | AQ40: =AVERAGE(G40,K40) -> 0 | AR40: =MEDIAN(G40,K40) -> 0
A41: 103-41-3 | B41: Benzylcinnamat Halal | C41: 0.002549 | D41: 0.0040657278 | G41: =+E41*$F$3 -> 0 | H41: =+E41/D41 -> 0 | K41: =I41*$J$3 -> 0 | L41: =+I41/D41 -> 0 | O41: =+M41*$N$3 -> 0 | P41: =+M41/D41 -> 0 | S41: =+Q41*$R$3 -> 0 | T41: =+Q41/D41 -> 0 | W41: =+U41*$V$3 -> 0 | X41: =+U41/D41 -> 0 | AA41: =+Y41*$Z$3 -> 0 | AB41: =+Y41/D41 -> 0 | AE41: =+AC41*$AD$3 -> 0 | AF41: =+AC41/D41 -> 0 | AI41: =+AG41*$AH$3 -> 0 | AJ41: =+AG41/D41 -> 0 | AK41: 0.0040657278 | AM41: =+AK41*$AL$3 -> 0.0016262911 | AN41: =+AK41/D41 -> 1 | AP41: =SUM(G41,K41) -> 0 | AQ41: =AVERAGE(G41,K41) -> 0 | AR41: =MEDIAN(G41,K41) -> 0
A42: 87-44-5 | B42: beta-Caryophyllen, natürlich Halal | C42: 0.000207 | D42: 0.00027629576 | G42: =+E42*$F$3 -> 0 | H42: =+E42/D42 -> 0 | K42: =I42*$J$3 -> 0 | L42: =+I42/D42 -> 0 | O42: =+M42*$N$3 -> 0 | P42: =+M42/D42 -> 0 | S42: =+Q42*$R$3 -> 0 | T42: =+Q42/D42 -> 0 | W42: =+U42*$V$3 -> 0 | X42: =+U42/D42 -> 0 | AA42: =+Y42*$Z$3 -> 0 | AB42: =+Y42/D42 -> 0 | AE42: =+AC42*$AD$3 -> 0 | AF42: =+AC42/D42 -> 0 | AI42: =+AG42*$AH$3 -> 0 | AJ42: =+AG42/D42 -> 0 | AM42: =+AK42*$AL$3 -> 0 | AN42: =+AK42/D42 -> 0 | AP42: =SUM(G42,K42) -> 0 | AQ42: =AVERAGE(G42,K42) -> 0 | AR42: =MEDIAN(G42,K42) -> 0
A43: 23696-85-7 | B43: beta-Damascenon, natürlich Kosher Halal | C43: 0.000138 | D43: 1.18179e-07 | G43: =+E43*$F$3 -> 0 | H43: =+E43/D43 -> 0 | K43: =I43*$J$3 -> 0 | L43: =+I43/D43 -> 0 | O43: =+M43*$N$3 -> 0 | P43: =+M43/D43 -> 0 | S43: =+Q43*$R$3 -> 0 | T43: =+Q43/D43 -> 0 | W43: =+U43*$V$3 -> 0 | X43: =+U43/D43 -> 0 | AA43: =+Y43*$Z$3 -> 0 | AB43: =+Y43/D43 -> 0 | AE43: =+AC43*$AD$3 -> 0 | AF43: =+AC43/D43 -> 0 | AI43: =+AG43*$AH$3 -> 0 | AJ43: =+AG43/D43 -> 0 | AM43: =+AK43*$AL$3 -> 0 | AN43: =+AK43/D43 -> 0 | AP43: =SUM(G43,K43) -> 0 | AQ43: =AVERAGE(G43,K43) -> 0 | AR43: =MEDIAN(G43,K43) -> 0
A44: 23726-92-3 | B44: beta-Damascon Halal | C44: 0.005085 | D44: 0.0050853922 | G44: =+E44*$F$3 -> 0 | H44: =+E44/D44 -> 0 | K44: =I44*$J$3 -> 0 | L44: =+I44/D44 -> 0 | O44: =+M44*$N$3 -> 0 | P44: =+M44/D44 -> 0 | S44: =+Q44*$R$3 -> 0 | T44: =+Q44/D44 -> 0 | W44: =+U44*$V$3 -> 0 | X44: =+U44/D44 -> 0 | AA44: =+Y44*$Z$3 -> 0 | AB44: =+Y44/D44 -> 0 | AE44: =+AC44*$AD$3 -> 0 | AF44: =+AC44/D44 -> 0 | AI44: =+AG44*$AH$3 -> 0 | AJ44: =+AG44/D44 -> 0 | AM44: =+AK44*$AL$3 -> 0 | AN44: =+AK44/D44 -> 0 | AP44: =SUM(G44,K44) -> 0 | AQ44: =AVERAGE(G44,K44) -> 0 | AR44: =MEDIAN(G44,K44) -> 0
A45: 14901-07-6 | B45: beta-Ionon Halal Kosher | C45: 0.001304 | D45: 0.0016121324 | E45: 0.00029107506 | G45: =+E45*$F$3 -> 0.00017464503 | H45: =+E45/D45 -> 0.18055282 | K45: =I45*$J$3 -> 0 | L45: =+I45/D45 -> 0 | O45: =+M45*$N$3 -> 0 | P45: =+M45/D45 -> 0 | S45: =+Q45*$R$3 -> 0 | T45: =+Q45/D45 -> 0 | W45: =+U45*$V$3 -> 0 | X45: =+U45/D45 -> 0 | AA45: =+Y45*$Z$3 -> 0 | AB45: =+Y45/D45 -> 0 | AE45: =+AC45*$AD$3 -> 0 | AF45: =+AC45/D45 -> 0 | AI45: =+AG45*$AH$3 -> 0 | AJ45: =+AG45/D45 -> 0 | AM45: =+AK45*$AL$3 -> 0 | AN45: =+AK45/D45 -> 0 | AP45: =SUM(G45,K45) -> 0.00017464503 | AQ45: =AVERAGE(G45,K45) -> 8.7322517e-05 | AR45: =MEDIAN(G45,K45) -> 8.7322517e-05
A46: 71-36-3 | B46: Butanol, natürlich Halal | C46: 0.001181 | D46: 0.0016363772 | G46: =+E46*$F$3 -> 0 | H46: =+E46/D46 -> 0 | K46: =I46*$J$3 -> 0 | L46: =+I46/D46 -> 0 | O46: =+M46*$N$3 -> 0 | P46: =+M46/D46 -> 0 | S46: =+Q46*$R$3 -> 0 | T46: =+Q46/D46 -> 0 | W46: =+U46*$V$3 -> 0 | X46: =+U46/D46 -> 0 | AA46: =+Y46*$Z$3 -> 0 | AB46: =+Y46/D46 -> 0 | AE46: =+AC46*$AD$3 -> 0 | AF46: =+AC46/D46 -> 0 | AI46: =+AG46*$AH$3 -> 0 | AJ46: =+AG46/D46 -> 0 | AM46: =+AK46*$AL$3 -> 0 | AN46: =+AK46/D46 -> 0 | AP46: =SUM(G46,K46) -> 0 | AQ46: =AVERAGE(G46,K46) -> 0 | AR46: =MEDIAN(G46,K46) -> 0
A47: 107-92-6 | B47: Buttersäure Halal Kosher | C47: 0.021253 | D47: 0.027088409 | E47: 0.033764707 | G47: =+E47*$F$3 -> 0.020258824 | H47: =+E47/D47 -> 1.2464632 | I47: 0.00015909091 | K47: =I47*$J$3 -> 7.9545455e-05 | L47: =+I47/D47 -> 0.0058730251 | M47: 0.01968083 | O47: =+M47*$N$3 -> 0.0049202076 | P47: =+M47/D47 -> 0.72654065 | Q47: 0.0201395 | S47: =+Q47*$R$3 -> 0.0060418499 | T47: =+Q47/D47 -> 0.74347295 | W47: =+U47*$V$3 -> 0 | X47: =+U47/D47 -> 0 | AA47: =+Y47*$Z$3 -> 0 | AB47: =+Y47/D47 -> 0 | AE47: =+AC47*$AD$3 -> 0 | AF47: =+AC47/D47 -> 0 | AI47: =+AG47*$AH$3 -> 0 | AJ47: =+AG47/D47 -> 0 | AM47: =+AK47*$AL$3 -> 0 | AN47: =+AK47/D47 -> 0 | AP47: =SUM(G47,K47) -> 0.020338369 | AQ47: =AVERAGE(G47,K47) -> 0.010169185 | AR47: =MEDIAN(G47,K47) -> 0.010169185
A48: 123-86-4 | B48: Butylacetat Kosher Halal | C48: 0.002833 | D48: 0.0040448163 | G48: =+E48*$F$3 -> 0 | H48: =+E48/D48 -> 0 | K48: =I48*$J$3 -> 0 | L48: =+I48/D48 -> 0 | O48: =+M48*$N$3 -> 0 | P48: =+M48/D48 -> 0 | S48: =+Q48*$R$3 -> 0 | T48: =+Q48/D48 -> 0 | W48: =+U48*$V$3 -> 0 | X48: =+U48/D48 -> 0 | AA48: =+Y48*$Z$3 -> 0 | AB48: =+Y48/D48 -> 0 | AE48: =+AC48*$AD$3 -> 0 | AF48: =+AC48/D48 -> 0 | AI48: =+AG48*$AH$3 -> 0 | AJ48: =+AG48/D48 -> 0 | AM48: =+AK48*$AL$3 -> 0 | AN48: =+AK48/D48 -> 0 | AP48: =SUM(G48,K48) -> 0 | AQ48: =AVERAGE(G48,K48) -> 0 | AR48: =MEDIAN(G48,K48) -> 0
A49: 109-21-7 | B49: Butylbutyrat Halal | C49: 0.048464 | D49: 0.048473701 | G49: =+E49*$F$3 -> 0 | H49: =+E49/D49 -> 0 | K49: =I49*$J$3 -> 0 | L49: =+I49/D49 -> 0 | O49: =+M49*$N$3 -> 0 | P49: =+M49/D49 -> 0 | S49: =+Q49*$R$3 -> 0 | T49: =+Q49/D49 -> 0 | W49: =+U49*$V$3 -> 0 | X49: =+U49/D49 -> 0 | AA49: =+Y49*$Z$3 -> 0 | AB49: =+Y49/D49 -> 0 | AE49: =+AC49*$AD$3 -> 0 | AF49: =+AC49/D49 -> 0 | AI49: =+AG49*$AH$3 -> 0 | AJ49: =+AG49/D49 -> 0 | AM49: =+AK49*$AL$3 -> 0 | AN49: =+AK49/D49 -> 0 | AP49: =SUM(G49,K49) -> 0 | AQ49: =AVERAGE(G49,K49) -> 0 | AR49: =MEDIAN(G49,K49) -> 0
A50: 626-82-4 | B50: Butylhexanoat Halal | C50: 0.001115 | D50: 0.001115435 | G50: =+E50*$F$3 -> 0 | H50: =+E50/D50 -> 0 | K50: =I50*$J$3 -> 0 | L50: =+I50/D50 -> 0 | O50: =+M50*$N$3 -> 0 | P50: =+M50/D50 -> 0 | S50: =+Q50*$R$3 -> 0 | T50: =+Q50/D50 -> 0 | W50: =+U50*$V$3 -> 0 | X50: =+U50/D50 -> 0 | AA50: =+Y50*$Z$3 -> 0 | AB50: =+Y50/D50 -> 0 | AE50: =+AC50*$AD$3 -> 0 | AF50: =+AC50/D50 -> 0 | AI50: =+AG50*$AH$3 -> 0 | AJ50: =+AG50/D50 -> 0 | AM50: =+AK50*$AL$3 -> 0 | AN50: =+AK50/D50 -> 0 | AP50: =SUM(G50,K50) -> 0 | AQ50: =AVERAGE(G50,K50) -> 0 | AR50: =MEDIAN(G50,K50) -> 0
A51: 109-19-3 | B51: Butylisovalerat Halal | C51: 0.003192 | D51: 0.0068768267 | G51: =+E51*$F$3 -> 0 | H51: =+E51/D51 -> 0 | K51: =I51*$J$3 -> 0 | L51: =+I51/D51 -> 0 | O51: =+M51*$N$3 -> 0 | P51: =+M51/D51 -> 0 | S51: =+Q51*$R$3 -> 0 | T51: =+Q51/D51 -> 0 | W51: =+U51*$V$3 -> 0 | X51: =+U51/D51 -> 0 | AA51: =+Y51*$Z$3 -> 0 | AB51: =+Y51/D51 -> 0 | AE51: =+AC51*$AD$3 -> 0 | AF51: =+AC51/D51 -> 0 | AI51: =+AG51*$AH$3 -> 0 | AJ51: =+AG51/D51 -> 0 | AM51: =+AK51*$AL$3 -> 0 | AN51: =+AK51/D51 -> 0 | AP51: =SUM(G51,K51) -> 0 | AQ51: =AVERAGE(G51,K51) -> 0 | AR51: =MEDIAN(G51,K51) -> 0
A52: 103-54-8 | B52: Cinnamylacetat | C52: 8.3e-05 | D52: 9.4422773e-05 | G52: =+E52*$F$3 -> 0 | H52: =+E52/D52 -> 0 | K52: =I52*$J$3 -> 0 | L52: =+I52/D52 -> 0 | O52: =+M52*$N$3 -> 0 | P52: =+M52/D52 -> 0 | S52: =+Q52*$R$3 -> 0 | T52: =+Q52/D52 -> 0 | W52: =+U52*$V$3 -> 0 | X52: =+U52/D52 -> 0 | AA52: =+Y52*$Z$3 -> 0 | AB52: =+Y52/D52 -> 0 | AE52: =+AC52*$AD$3 -> 0 | AF52: =+AC52/D52 -> 0 | AI52: =+AG52*$AH$3 -> 0 | AJ52: =+AG52/D52 -> 0 | AM52: =+AK52*$AL$3 -> 0 | AN52: =+AK52/D52 -> 0 | AP52: =SUM(G52,K52) -> 0 | AQ52: =AVERAGE(G52,K52) -> 0 | AR52: =MEDIAN(G52,K52) -> 0
A53: 928-96-1 | B53: cis-3-Hexen-1-ol Halal Kosher | C53: 0.088893 | D53: 0.11313553 | E53: 0.0072186614 | G53: =+E53*$F$3 -> 0.0043311968 | H53: =+E53/D53 -> 0.063805432 | I53: 0.071681818 | K53: =I53*$J$3 -> 0.035840909 | L53: =+I53/D53 -> 0.63359245 | M53: 0.12136745 | O53: =+M53*$N$3 -> 0.030341863 | P53: =+M53/D53 -> 1.0727616 | Q53: 0.21482133 | S53: =+Q53*$R$3 -> 0.064446399 | T53: =+Q53/D53 -> 1.8987963 | U53: 0.39246785 | W53: =+U53*$V$3 -> 0.15698714 | X53: =+U53/D53 -> 3.4690061 | Y53: 0.045679402 | AA53: =+Y53*$Z$3 -> 0.022839701 | AB53: =+Y53/D53 -> 0.40375823 | AC53: 0.098644942 | AE53: =+AC53*$AD$3 -> 0.049322471 | AF53: =+AC53/D53 -> 0.87191832 | AG53: 0.062379028 | AI53: =+AG53*$AH$3 -> 0.049903223 | AJ53: =+AG53/D53 -> 0.5513655 | AK53: 0.18897772 | AM53: =+AK53*$AL$3 -> 0.075591089 | AN53: =+AK53/D53 -> 1.6703658 | AP53: =SUM(G53,K53) -> 0.040172106 | AQ53: =AVERAGE(G53,K53) -> 0.020086053 | AR53: =MEDIAN(G53,K53) -> 0.020086053
A54: 53398-85-9 | B54: cis-3-Hexenyl-2-methylbutyrat | C54: 0.001309 | D54: 0.0011162971 | G54: =+E54*$F$3 -> 0 | H54: =+E54/D54 -> 0 | K54: =I54*$J$3 -> 0 | L54: =+I54/D54 -> 0 | O54: =+M54*$N$3 -> 0 | P54: =+M54/D54 -> 0 | S54: =+Q54*$R$3 -> 0 | T54: =+Q54/D54 -> 0 | W54: =+U54*$V$3 -> 0 | X54: =+U54/D54 -> 0 | AA54: =+Y54*$Z$3 -> 0 | AB54: =+Y54/D54 -> 0 | AE54: =+AC54*$AD$3 -> 0 | AF54: =+AC54/D54 -> 0 | AI54: =+AG54*$AH$3 -> 0 | AJ54: =+AG54/D54 -> 0 | AM54: =+AK54*$AL$3 -> 0 | AN54: =+AK54/D54 -> 0 | AP54: =SUM(G54,K54) -> 0 | AQ54: =AVERAGE(G54,K54) -> 0 | AR54: =MEDIAN(G54,K54) -> 0
A55: 3681-71-8 | B55: cis-3-Hexenylacetat Halal Kosher | C55: 0.011774 | D55: 0.013465914 | E55: 0.019793104 | G55: =+E55*$F$3 -> 0.011875862 | H55: =+E55/D55 -> 1.4698671 | I55: 0.007375 | K55: =I55*$J$3 -> 0.0036875 | L55: =+I55/D55 -> 0.54767912 | M55: 0.034469449 | O55: =+M55*$N$3 -> 0.0086173622 | P55: =+M55/D55 -> 2.5597556 | S55: =+Q55*$R$3 -> 0 | T55: =+Q55/D55 -> 0 | U55: 0.0093347184 | W55: =+U55*$V$3 -> 0.0037338874 | X55: =+U55/D55 -> 0.6932109 | AA55: =+Y55*$Z$3 -> 0 | AB55: =+Y55/D55 -> 0 | AC55: 0.0063102624 | AE55: =+AC55*$AD$3 -> 0.0031551312 | AF55: =+AC55/D55 -> 0.46861003 | AI55: =+AG55*$AH$3 -> 0 | AJ55: =+AG55/D55 -> 0 | AK55: 0.0013702176 | AM55: =+AK55*$AL$3 -> 0.00054808706 | AN55: =+AK55/D55 -> 0.10175452 | AP55: =SUM(G55,K55) -> 0.015563362 | AQ55: =AVERAGE(G55,K55) -> 0.0077816812 | AR55: =MEDIAN(G55,K55) -> 0.0077816812
A56: 16491-36-4 | B56: cis-3-Hexenylbutyrat Halal | C56: 0.006133 | D56: 0.0089424929 | G56: =+E56*$F$3 -> 0 | H56: =+E56/D56 -> 0 | K56: =I56*$J$3 -> 0 | L56: =+I56/D56 -> 0 | O56: =+M56*$N$3 -> 0 | P56: =+M56/D56 -> 0 | S56: =+Q56*$R$3 -> 0 | T56: =+Q56/D56 -> 0 | U56: 0.0005852488 | W56: =+U56*$V$3 -> 0.00023409952 | X56: =+U56/D56 -> 0.065445822 | AA56: =+Y56*$Z$3 -> 0 | AB56: =+Y56/D56 -> 0 | AE56: =+AC56*$AD$3 -> 0 | AF56: =+AC56/D56 -> 0 | AG56: 0.0098305545 | AI56: =+AG56*$AH$3 -> 0.0078644436 | AJ56: =+AG56/D56 -> 1.0993081 | AM56: =+AK56*$AL$3 -> 0 | AN56: =+AK56/D56 -> 0 | AP56: =SUM(G56,K56) -> 0 | AQ56: =AVERAGE(G56,K56) -> 0 | AR56: =MEDIAN(G56,K56) -> 0
A57: 33467-73-1 | B57: cis-3-Hexenylformiat Kosher Halal | C57: 0.001729 | D57: 0.0019923201 | G57: =+E57*$F$3 -> 0 | H57: =+E57/D57 -> 0 | K57: =I57*$J$3 -> 0 | L57: =+I57/D57 -> 0 | O57: =+M57*$N$3 -> 0 | P57: =+M57/D57 -> 0 | S57: =+Q57*$R$3 -> 0 | T57: =+Q57/D57 -> 0 | W57: =+U57*$V$3 -> 0 | X57: =+U57/D57 -> 0 | AA57: =+Y57*$Z$3 -> 0 | AB57: =+Y57/D57 -> 0 | AE57: =+AC57*$AD$3 -> 0 | AF57: =+AC57/D57 -> 0 | AI57: =+AG57*$AH$3 -> 0 | AJ57: =+AG57/D57 -> 0 | AM57: =+AK57*$AL$3 -> 0 | AN57: =+AK57/D57 -> 0 | AP57: =SUM(G57,K57) -> 0 | AQ57: =AVERAGE(G57,K57) -> 0 | AR57: =MEDIAN(G57,K57) -> 0
A58: 31501-11-8 | B58: cis-3-Hexenylhexanoat Halal | C58: 0.011465 | D58: 0.012212828 | G58: =+E58*$F$3 -> 0 | H58: =+E58/D58 -> 0 | K58: =I58*$J$3 -> 0 | L58: =+I58/D58 -> 0 | O58: =+M58*$N$3 -> 0 | P58: =+M58/D58 -> 0 | S58: =+Q58*$R$3 -> 0 | T58: =+Q58/D58 -> 0 | W58: =+U58*$V$3 -> 0 | X58: =+U58/D58 -> 0 | AA58: =+Y58*$Z$3 -> 0 | AB58: =+Y58/D58 -> 0 | AE58: =+AC58*$AD$3 -> 0 | AF58: =+AC58/D58 -> 0 | AI58: =+AG58*$AH$3 -> 0 | AJ58: =+AG58/D58 -> 0 | AM58: =+AK58*$AL$3 -> 0 | AN58: =+AK58/D58 -> 0 | AP58: =SUM(G58,K58) -> 0 | AQ58: =AVERAGE(G58,K58) -> 0 | AR58: =MEDIAN(G58,K58) -> 0
A59: 61931-81-5 | B59: cis-3-Hexenyllactat Halal | C59: 0.02094 | D59: 0.018777915 | G59: =+E59*$F$3 -> 0 | H59: =+E59/D59 -> 0 | K59: =I59*$J$3 -> 0 | L59: =+I59/D59 -> 0 | O59: =+M59*$N$3 -> 0 | P59: =+M59/D59 -> 0 | S59: =+Q59*$R$3 -> 0 | T59: =+Q59/D59 -> 0 | W59: =+U59*$V$3 -> 0 | X59: =+U59/D59 -> 0 | AA59: =+Y59*$Z$3 -> 0 | AB59: =+Y59/D59 -> 0 | AE59: =+AC59*$AD$3 -> 0 | AF59: =+AC59/D59 -> 0 | AI59: =+AG59*$AH$3 -> 0 | AJ59: =+AG59/D59 -> 0 | AM59: =+AK59*$AL$3 -> 0 | AN59: =+AK59/D59 -> 0 | AP59: =SUM(G59,K59) -> 0 | AQ59: =AVERAGE(G59,K59) -> 0 | AR59: =MEDIAN(G59,K59) -> 0
A60: 33467-74-2 | B60: cis-3-Hexenylpropionat | C60: 0.007327 | D60: 0.0073543529 | G60: =+E60*$F$3 -> 0 | H60: =+E60/D60 -> 0 | K60: =I60*$J$3 -> 0 | L60: =+I60/D60 -> 0 | O60: =+M60*$N$3 -> 0 | P60: =+M60/D60 -> 0 | S60: =+Q60*$R$3 -> 0 | T60: =+Q60/D60 -> 0 | W60: =+U60*$V$3 -> 0 | X60: =+U60/D60 -> 0 | AA60: =+Y60*$Z$3 -> 0 | AB60: =+Y60/D60 -> 0 | AE60: =+AC60*$AD$3 -> 0 | AF60: =+AC60/D60 -> 0 | AI60: =+AG60*$AH$3 -> 0 | AJ60: =+AG60/D60 -> 0 | AM60: =+AK60*$AL$3 -> 0 | AN60: =+AK60/D60 -> 0 | AP60: =SUM(G60,K60) -> 0 | AQ60: =AVERAGE(G60,K60) -> 0 | AR60: =MEDIAN(G60,K60) -> 0
A61: 106-22-9 | B61: Citronellol, natürlich Kosher, Halal | C61: 0.000227 | D61: 0.00061786664 | G61: =+E61*$F$3 -> 0 | H61: =+E61/D61 -> 0 | K61: =I61*$J$3 -> 0 | L61: =+I61/D61 -> 0 | O61: =+M61*$N$3 -> 0 | P61: =+M61/D61 -> 0 | S61: =+Q61*$R$3 -> 0 | T61: =+Q61/D61 -> 0 | W61: =+U61*$V$3 -> 0 | X61: =+U61/D61 -> 0 | AA61: =+Y61*$Z$3 -> 0 | AB61: =+Y61/D61 -> 0 | AE61: =+AC61*$AD$3 -> 0 | AF61: =+AC61/D61 -> 0 | AI61: =+AG61*$AH$3 -> 0 | AJ61: =+AG61/D61 -> 0 | AM61: =+AK61*$AL$3 -> 0 | AN61: =+AK61/D61 -> 0 | AP61: =SUM(G61,K61) -> 0 | AQ61: =AVERAGE(G61,K61) -> 0 | AR61: =MEDIAN(G61,K61) -> 0
A62: 765-70-8 | B62: Cycloten Halal Kosher | C62: 0.003208 | D62: 0.002805654 | E62: 0.0064036512 | G62: =+E62*$F$3 -> 0.0038421907 | H62: =+E62/D62 -> 2.2824094 | K62: =I62*$J$3 -> 0 | L62: =+I62/D62 -> 0 | O62: =+M62*$N$3 -> 0 | P62: =+M62/D62 -> 0 | S62: =+Q62*$R$3 -> 0 | T62: =+Q62/D62 -> 0 | W62: =+U62*$V$3 -> 0 | X62: =+U62/D62 -> 0 | AA62: =+Y62*$Z$3 -> 0 | AB62: =+Y62/D62 -> 0 | AE62: =+AC62*$AD$3 -> 0 | AF62: =+AC62/D62 -> 0 | AI62: =+AG62*$AH$3 -> 0 | AJ62: =+AG62/D62 -> 0 | AM62: =+AK62*$AL$3 -> 0 | AN62: =+AK62/D62 -> 0 | AP62: =SUM(G62,K62) -> 0.0038421907 | AQ62: =AVERAGE(G62,K62) -> 0.0019210954 | AR62: =MEDIAN(G62,K62) -> 0.0019210954
A63: 80-71-7 | B63: Cycloten, natürlich Halal | C63: 0.001299 | D63: 0 | G63: =+E63*$F$3 -> 0 | H63: 0 | K63: =I63*$J$3 -> 0 | L63: 0 | O63: =+M63*$N$3 -> 0 | P63: 0 | S63: =+Q63*$R$3 -> 0 | T63: 0 | W63: =+U63*$V$3 -> 0 | X63: 0 | AA63: =+Y63*$Z$3 -> 0 | AB63: 0 | AC63: 0 | AE63: =+AC63*$AD$3 -> 0 | AF63: 0 | AI63: =+AG63*$AH$3 -> 0 | AJ63: 0 | AM63: =+AK63*$AL$3 -> 0 | AN63: 0 | AP63: =SUM(G63,K63) -> 0 | AQ63: =AVERAGE(G63,K63) -> 0 | AR63: =MEDIAN(G63,K63) -> 0
A64: 8016-03-3 | B64: Davana-Öl | C64: 0.003981 | D64: 0.0049978978 | G64: =+E64*$F$3 -> 0 | H64: =+E64/D64 -> 0 | I64: 0.0034090909 | K64: =I64*$J$3 -> 0.0017045455 | L64: =+I64/D64 -> 0.68210497 | O64: =+M64*$N$3 -> 0 | P64: =+M64/D64 -> 0 | S64: =+Q64*$R$3 -> 0 | T64: =+Q64/D64 -> 0 | W64: =+U64*$V$3 -> 0 | X64: =+U64/D64 -> 0 | AA64: =+Y64*$Z$3 -> 0 | AB64: =+Y64/D64 -> 0 | AE64: =+AC64*$AD$3 -> 0 | AF64: =+AC64/D64 -> 0 | AI64: =+AG64*$AH$3 -> 0 | AJ64: =+AG64/D64 -> 0 | AM64: =+AK64*$AL$3 -> 0 | AN64: =+AK64/D64 -> 0 | AP64: =SUM(G64,K64) -> 0.0017045455 | AQ64: =AVERAGE(G64,K64) -> 0.00085227273 | AR64: =MEDIAN(G64,K64) -> 0.00085227273
A65: 334-48-5 | B65: Decansäure | C65: 0.014264 | D65: 0.015835258 | G65: =+E65*$F$3 -> 0 | H65: =+E65/D65 -> 0 | K65: =I65*$J$3 -> 0 | L65: =+I65/D65 -> 0 | O65: =+M65*$N$3 -> 0 | P65: =+M65/D65 -> 0 | S65: =+Q65*$R$3 -> 0 | T65: =+Q65/D65 -> 0 | W65: =+U65*$V$3 -> 0 | X65: =+U65/D65 -> 0 | AA65: =+Y65*$Z$3 -> 0 | AB65: =+Y65/D65 -> 0 | AE65: =+AC65*$AD$3 -> 0 | AF65: =+AC65/D65 -> 0 | AI65: =+AG65*$AH$3 -> 0 | AJ65: =+AG65/D65 -> 0 | AM65: =+AK65*$AL$3 -> 0 | AN65: =+AK65/D65 -> 0 | AP65: =SUM(G65,K65) -> 0 | AQ65: =AVERAGE(G65,K65) -> 0 | AR65: =MEDIAN(G65,K65) -> 0
A66: 705-86-2 | B66: delta-Decalacton Halal Kosher | C66: 0.000733 | D66: 0.0043186618 | G66: =+E66*$F$3 -> 0 | H66: =+E66/D66 -> 0 | K66: =I66*$J$3 -> 0 | L66: =+I66/D66 -> 0 | O66: =+M66*$N$3 -> 0 | P66: =+M66/D66 -> 0 | S66: =+Q66*$R$3 -> 0 | T66: =+Q66/D66 -> 0 | W66: =+U66*$V$3 -> 0 | X66: =+U66/D66 -> 0 | AA66: =+Y66*$Z$3 -> 0 | AB66: =+Y66/D66 -> 0 | AE66: =+AC66*$AD$3 -> 0 | AF66: =+AC66/D66 -> 0 | AI66: =+AG66*$AH$3 -> 0 | AJ66: =+AG66/D66 -> 0 | AM66: =+AK66*$AL$3 -> 0 | AN66: =+AK66/D66 -> 0 | AP66: =SUM(G66,K66) -> 0 | AQ66: =AVERAGE(G66,K66) -> 0 | AR66: =MEDIAN(G66,K66) -> 0
A67: 713-95-1 | B67: delta-Dodecalacton Halal | C67: 0.017942 | D67: 0.0093210775 | G67: =+E67*$F$3 -> 0 | H67: =+E67/D67 -> 0 | K67: =I67*$J$3 -> 0 | L67: =+I67/D67 -> 0 | M67: 0.00055291095 | O67: =+M67*$N$3 -> 0.00013822774 | P67: =+M67/D67 -> 0.059318352 | S67: =+Q67*$R$3 -> 0 | T67: =+Q67/D67 -> 0 | W67: =+U67*$V$3 -> 0 | X67: =+U67/D67 -> 0 | AA67: =+Y67*$Z$3 -> 0 | AB67: =+Y67/D67 -> 0 | AE67: =+AC67*$AD$3 -> 0 | AF67: =+AC67/D67 -> 0 | AI67: =+AG67*$AH$3 -> 0 | AJ67: =+AG67/D67 -> 0 | AM67: =+AK67*$AL$3 -> 0 | AN67: =+AK67/D67 -> 0 | AP67: =SUM(G67,K67) -> 0 | AQ67: =AVERAGE(G67,K67) -> 0 | AR67: =MEDIAN(G67,K67) -> 0
A68: 3301-94-8 | B68: delta-Nonalacton | C68: 0.002992 | D68: 0.0029917869 | G68: =+E68*$F$3 -> 0 | H68: =+E68/D68 -> 0 | K68: =I68*$J$3 -> 0 | L68: =+I68/D68 -> 0 | O68: =+M68*$N$3 -> 0 | P68: =+M68/D68 -> 0 | S68: =+Q68*$R$3 -> 0 | T68: =+Q68/D68 -> 0 | W68: =+U68*$V$3 -> 0 | X68: =+U68/D68 -> 0 | AA68: =+Y68*$Z$3 -> 0 | AB68: =+Y68/D68 -> 0 | AE68: =+AC68*$AD$3 -> 0 | AF68: =+AC68/D68 -> 0 | AI68: =+AG68*$AH$3 -> 0 | AJ68: =+AG68/D68 -> 0 | AM68: =+AK68*$AL$3 -> 0 | AN68: =+AK68/D68 -> 0 | AP68: =SUM(G68,K68) -> 0 | AQ68: =AVERAGE(G68,K68) -> 0 | AR68: =MEDIAN(G68,K68) -> 0
A69: 698-76-0 | B69: delta-Octalacton | C69: 0.00129 | D69: 0.0012899245 | G69: =+E69*$F$3 -> 0 | H69: =+E69/D69 -> 0 | K69: =I69*$J$3 -> 0 | L69: =+I69/D69 -> 0 | O69: =+M69*$N$3 -> 0 | P69: =+M69/D69 -> 0 | S69: =+Q69*$R$3 -> 0 | T69: =+Q69/D69 -> 0 | W69: =+U69*$V$3 -> 0 | X69: =+U69/D69 -> 0 | AA69: =+Y69*$Z$3 -> 0 | AB69: =+Y69/D69 -> 0 | AE69: =+AC69*$AD$3 -> 0 | AF69: =+AC69/D69 -> 0 | AI69: =+AG69*$AH$3 -> 0 | AJ69: =+AG69/D69 -> 0 | AM69: =+AK69*$AL$3 -> 0 | AN69: =+AK69/D69 -> 0 | AP69: =SUM(G69,K69) -> 0 | AQ69: =AVERAGE(G69,K69) -> 0 | AR69: =MEDIAN(G69,K69) -> 0
A70: 710-04-3 | B70: delta-Undecalacton Halal Kosher | C70: 0.002156 | D70: 0.0021562082 | G70: =+E70*$F$3 -> 0 | H70: =+E70/D70 -> 0 | K70: =I70*$J$3 -> 0 | L70: =+I70/D70 -> 0 | O70: =+M70*$N$3 -> 0 | P70: =+M70/D70 -> 0 | S70: =+Q70*$R$3 -> 0 | T70: =+Q70/D70 -> 0 | W70: =+U70*$V$3 -> 0 | X70: =+U70/D70 -> 0 | AA70: =+Y70*$Z$3 -> 0 | AB70: =+Y70/D70 -> 0 | AE70: =+AC70*$AD$3 -> 0 | AF70: =+AC70/D70 -> 0 | AI70: =+AG70*$AH$3 -> 0 | AJ70: =+AG70/D70 -> 0 | AM70: =+AK70*$AL$3 -> 0 | AN70: =+AK70/D70 -> 0 | AP70: =SUM(G70,K70) -> 0 | AQ70: =AVERAGE(G70,K70) -> 0 | AR70: =MEDIAN(G70,K70) -> 0
A71: 431-03-8 | B71: Diacetyl Halal | C71: 0.005819 | D71: 0.0072594082 | G71: =+E71*$F$3 -> 0 | H71: =+E71/D71 -> 0 | K71: =I71*$J$3 -> 0 | L71: =+I71/D71 -> 0 | O71: =+M71*$N$3 -> 0 | P71: =+M71/D71 -> 0 | S71: =+Q71*$R$3 -> 0 | T71: =+Q71/D71 -> 0 | W71: =+U71*$V$3 -> 0 | X71: =+U71/D71 -> 0 | AA71: =+Y71*$Z$3 -> 0 | AB71: =+Y71/D71 -> 0 | AE71: =+AC71*$AD$3 -> 0 | AF71: =+AC71/D71 -> 0 | AG71: 0.0076403273 | AI71: =+AG71*$AH$3 -> 0.0061122619 | AJ71: =+AG71/D71 -> 1.0524725 | AM71: =+AK71*$AL$3 -> 0 | AN71: =+AK71/D71 -> 0 | AP71: =SUM(G71,K71) -> 0 | AQ71: =AVERAGE(G71,K71) -> 0 | AR71: =MEDIAN(G71,K71) -> 0
A72: 105-53-3 | B72: Diethylmalonat Halal Kosher | C72: 0.000264 | D72: 0.00066165414 | G72: =+E72*$F$3 -> 0 | H72: =+E72/D72 -> 0 | K72: =I72*$J$3 -> 0 | L72: =+I72/D72 -> 0 | O72: =+M72*$N$3 -> 0 | P72: =+M72/D72 -> 0 | S72: =+Q72*$R$3 -> 0 | T72: =+Q72/D72 -> 0 | W72: =+U72*$V$3 -> 0 | X72: =+U72/D72 -> 0 | AA72: =+Y72*$Z$3 -> 0 | AB72: =+Y72/D72 -> 0 | AE72: =+AC72*$AD$3 -> 0 | AF72: =+AC72/D72 -> 0 | AI72: =+AG72*$AH$3 -> 0 | AJ72: =+AG72/D72 -> 0 | AM72: =+AK72*$AL$3 -> 0 | AN72: =+AK72/D72 -> 0 | AP72: =SUM(G72,K72) -> 0 | AQ72: =AVERAGE(G72,K72) -> 0 | AR72: =MEDIAN(G72,K72) -> 0
A73: 123-25-1 | B73: Diethylsuccinat | C73: 0.000899 | D73: 0.0018012918 | G73: =+E73*$F$3 -> 0 | H73: =+E73/D73 -> 0 | K73: =I73*$J$3 -> 0 | L73: =+I73/D73 -> 0 | O73: =+M73*$N$3 -> 0 | P73: =+M73/D73 -> 0 | S73: =+Q73*$R$3 -> 0 | T73: =+Q73/D73 -> 0 | W73: =+U73*$V$3 -> 0 | X73: =+U73/D73 -> 0 | AA73: =+Y73*$Z$3 -> 0 | AB73: =+Y73/D73 -> 0 | AE73: =+AC73*$AD$3 -> 0 | AF73: =+AC73/D73 -> 0 | AI73: =+AG73*$AH$3 -> 0 | AJ73: =+AG73/D73 -> 0 | AM73: =+AK73*$AL$3 -> 0 | AN73: =+AK73/D73 -> 0 | AP73: =SUM(G73,K73) -> 0 | AQ73: =AVERAGE(G73,K73) -> 0 | AR73: =MEDIAN(G73,K73) -> 0
A74: 119-84-6 | B74: Dihydrocoumarin, natürlich Kosher Halal, BG | C74: 0.017147 | D74: 0.017157169 | G74: =+E74*$F$3 -> 0 | H74: =+E74/D74 -> 0 | K74: =I74*$J$3 -> 0 | L74: =+I74/D74 -> 0 | O74: =+M74*$N$3 -> 0 | P74: =+M74/D74 -> 0 | S74: =+Q74*$R$3 -> 0 | T74: =+Q74/D74 -> 0 | W74: =+U74*$V$3 -> 0 | X74: =+U74/D74 -> 0 | AA74: =+Y74*$Z$3 -> 0 | AB74: =+Y74/D74 -> 0 | AE74: =+AC74*$AD$3 -> 0 | AF74: =+AC74/D74 -> 0 | AI74: =+AG74*$AH$3 -> 0 | AJ74: =+AG74/D74 -> 0 | AM74: =+AK74*$AL$3 -> 0 | AN74: =+AK74/D74 -> 0 | AP74: =SUM(G74,K74) -> 0 | AQ74: =AVERAGE(G74,K74) -> 0 | AR74: =MEDIAN(G74,K74) -> 0
A75: 85-91-6 | B75: Dimethylanthranilat | C75: 0.001808 | D75: 0.0024029248 | G75: =+E75*$F$3 -> 0 | H75: =+E75/D75 -> 0 | K75: =I75*$J$3 -> 0 | L75: =+I75/D75 -> 0 | M75: 0.0049901963 | O75: =+M75*$N$3 -> 0.0012475491 | P75: =+M75/D75 -> 2.0767177 | S75: =+Q75*$R$3 -> 0 | T75: =+Q75/D75 -> 0 | W75: =+U75*$V$3 -> 0 | X75: =+U75/D75 -> 0 | AA75: =+Y75*$Z$3 -> 0 | AB75: =+Y75/D75 -> 0 | AE75: =+AC75*$AD$3 -> 0 | AF75: =+AC75/D75 -> 0 | AG75: 0.0001612958 | AI75: =+AG75*$AH$3 -> 0.00012903664 | AJ75: =+AG75/D75 -> 0.067124781 | AM75: =+AK75*$AL$3 -> 0 | AN75: =+AK75/D75 -> 0 | AP75: =SUM(G75,K75) -> 0 | AQ75: =AVERAGE(G75,K75) -> 0 | AR75: =MEDIAN(G75,K75) -> 0
A76: 624-92-0 | B76: Dimethyldisulfid, natürlich Halal, V | C76: 0.000494 | D76: 0.00058589107 | G76: =+E76*$F$3 -> 0 | H76: =+E76/D76 -> 0 | K76: =I76*$J$3 -> 0 | L76: =+I76/D76 -> 0 | O76: =+M76*$N$3 -> 0 | P76: =+M76/D76 -> 0 | S76: =+Q76*$R$3 -> 0 | T76: =+Q76/D76 -> 0 | W76: =+U76*$V$3 -> 0 | X76: =+U76/D76 -> 0 | AA76: =+Y76*$Z$3 -> 0 | AB76: =+Y76/D76 -> 0 | AE76: =+AC76*$AD$3 -> 0 | AF76: =+AC76/D76 -> 0 | AI76: =+AG76*$AH$3 -> 0 | AJ76: =+AG76/D76 -> 0 | AM76: =+AK76*$AL$3 -> 0 | AN76: =+AK76/D76 -> 0 | AP76: =SUM(G76,K76) -> 0 | AQ76: =AVERAGE(G76,K76) -> 0 | AR76: =MEDIAN(G76,K76) -> 0
A77: 75-18-3 | B77: Dimethylsulfid, natürlich Kosher Halal BG, V | C77: 0.001043 | D77: 0.060151438 | G77: =+E77*$F$3 -> 0 | H77: =+E77/D77 -> 0 | I77: 0.011363636 | K77: =I77*$J$3 -> 0.0056818182 | L77: =+I77/D77 -> 0.18891712 | O77: =+M77*$N$3 -> 0 | P77: =+M77/D77 -> 0 | S77: =+Q77*$R$3 -> 0 | T77: =+Q77/D77 -> 0 | W77: =+U77*$V$3 -> 0 | X77: =+U77/D77 -> 0 | AA77: =+Y77*$Z$3 -> 0 | AB77: =+Y77/D77 -> 0 | AE77: =+AC77*$AD$3 -> 0 | AF77: =+AC77/D77 -> 0 | AI77: =+AG77*$AH$3 -> 0 | AJ77: =+AG77/D77 -> 0 | AM77: =+AK77*$AL$3 -> 0 | AN77: =+AK77/D77 -> 0 | AP77: =SUM(G77,K77) -> 0.0056818182 | AQ77: =AVERAGE(G77,K77) -> 0.0028409091 | AR77: =MEDIAN(G77,K77) -> 0.0028409091
A78: 67-68-5 | B78: Dimethylsulfoxid Halal Kosher | C78: 0.000748 | D78: 0.00016912531 | G78: =+E78*$F$3 -> 0 | H78: =+E78/D78 -> 0 | K78: =I78*$J$3 -> 0 | L78: =+I78/D78 -> 0 | O78: =+M78*$N$3 -> 0 | P78: =+M78/D78 -> 0 | S78: =+Q78*$R$3 -> 0 | T78: =+Q78/D78 -> 0 | W78: =+U78*$V$3 -> 0 | X78: =+U78/D78 -> 0 | AA78: =+Y78*$Z$3 -> 0 | AB78: =+Y78/D78 -> 0 | AE78: =+AC78*$AD$3 -> 0 | AF78: =+AC78/D78 -> 0 | AI78: =+AG78*$AH$3 -> 0 | AJ78: =+AG78/D78 -> 0 | AM78: =+AK78*$AL$3 -> 0 | AN78: =+AK78/D78 -> 0 | AP78: =SUM(G78,K78) -> 0 | AQ78: =AVERAGE(G78,K78) -> 0 | AR78: =MEDIAN(G78,K78) -> 0
A79: 10191-41-0 | B79: DL-Alpha-Tocopherol Halal | C79: 0.001091 | D79: 0.00046035427 | G79: =+E79*$F$3 -> 0 | H79: =+E79/D79 -> 0 | K79: =I79*$J$3 -> 0 | L79: =+I79/D79 -> 0 | O79: =+M79*$N$3 -> 0 | P79: =+M79/D79 -> 0 | S79: =+Q79*$R$3 -> 0 | T79: =+Q79/D79 -> 0 | W79: =+U79*$V$3 -> 0 | X79: =+U79/D79 -> 0 | AA79: =+Y79*$Z$3 -> 0 | AB79: =+Y79/D79 -> 0 | AE79: =+AC79*$AD$3 -> 0 | AF79: =+AC79/D79 -> 0 | AI79: =+AG79*$AH$3 -> 0 | AJ79: =+AG79/D79 -> 0 | AM79: =+AK79*$AL$3 -> 0 | AN79: =+AK79/D79 -> 0 | AP79: =SUM(G79,K79) -> 0 | AQ79: =AVERAGE(G79,K79) -> 0 | AR79: =MEDIAN(G79,K79) -> 0
A80: 0 | B80: Erdbeer-Aroma Wasserphase Kosher, BG | D80: 0.71045732 | G80: =+E80*$F$3 -> 0 | H80: 0 | K80: =I80*$J$3 -> 0 | L80: 0 | O80: =+M80*$N$3 -> 0 | P80: 0 | S80: =+Q80*$R$3 -> 0 | T80: =+Q80/D80 -> 0 | W80: =+U80*$V$3 -> 0 | X80: 0 | AA80: =+Y80*$Z$3 -> 0 | AB80: 0 | AE80: =+AC80*$AD$3 -> 0 | AF80: 0 | AG80: 0.53057829 | AI80: =+AG80*$AH$3 -> 0.42446263 | AJ80: =+AG80/D80 -> 0.74681233 | AM80: =+AK80*$AL$3 -> 0 | AN80: =+AK80/D80 -> 0
A81: 64-19-7 | B81: Essigsäure Halal Kosher | C81: 0.036827 | D81: 0.055171352 | E81: 0.10071197 | G81: =+E81*$F$3 -> 0.060427182 | H81: =+E81/D81 -> 1.8254396 | K81: =I81*$J$3 -> 0 | L81: =+I81/D81 -> 0 | M81: 0.008860573 | O81: =+M81*$N$3 -> 0.0022151433 | P81: =+M81/D81 -> 0.16060098 | Q81: 0.0026852666 | S81: =+Q81*$R$3 -> 0.00080557998 | T81: =+Q81/D81 -> 0.048671394 | W81: =+U81*$V$3 -> 0 | X81: =+U81/D81 -> 0 | AA81: =+Y81*$Z$3 -> 0 | AB81: =+Y81/D81 -> 0 | AC81: 0.0048268798 | AE81: =+AC81*$AD$3 -> 0.0024134399 | AF81: =+AC81/D81 -> 0.087488881 | AG81: 0.03169038 | AI81: =+AG81*$AH$3 -> 0.025352304 | AJ81: =+AG81/D81 -> 0.57439919 | AM81: =+AK81*$AL$3 -> 0 | AN81: =+AK81/D81 -> 0 | AP81: =SUM(G81,K81) -> 0.060427182 | AQ81: =AVERAGE(G81,K81) -> 0.030213591 | AR81: =MEDIAN(G81,K81) -> 0.030213591
A82: 7452-79-1 | B82: Ethyl-2-methylbutyrat Kosher Halal | C82: 0.048705 | D82: 0.065867005 | E82: 0.069858014 | G82: =+E82*$F$3 -> 0.041914808 | H82: =+E82/D82 -> 1.0605919 | I82: 0.12302273 | K82: =I82*$J$3 -> 0.061511364 | L82: =+I82/D82 -> 1.8677444 | M82: 0.075097905 | O82: =+M82*$N$3 -> 0.018774476 | P82: =+M82/D82 -> 1.1401445 | Q82: 0.053705332 | S82: =+Q82*$R$3 -> 0.0161116 | T82: =+Q82/D82 -> 0.81536017 | U82: 0.044595959 | W82: =+U82*$V$3 -> 0.017838384 | X82: =+U82/D82 -> 0.67706068 | AA82: =+Y82*$Z$3 -> 0 | AB82: =+Y82/D82 -> 0 | AC82: 0.053401773 | AE82: =+AC82*$AD$3 -> 0.026700886 | AF82: =+AC82/D82 -> 0.8107515 | AG82: 0.015238208 | AI82: =+AG82*$AH$3 -> 0.012190567 | AJ82: =+AG82/D82 -> 0.23134813 | AM82: =+AK82*$AL$3 -> 0 | AN82: =+AK82/D82 -> 0 | AP82: =SUM(G82,K82) -> 0.10342617 | AQ82: =AVERAGE(G82,K82) -> 0.051713086 | AR82: =MEDIAN(G82,K82) -> 0.051713086
A83: 141-78-6 | B83: Ethylacetat Kosher Halal | C83: 0.033561 | D83: 0.043832177 | G83: =+E83*$F$3 -> 0 | H83: =+E83/D83 -> 0 | K83: =I83*$J$3 -> 0 | L83: =+I83/D83 -> 0 | M83: 0.023663189 | O83: =+M83*$N$3 -> 0.0059157973 | P83: =+M83/D83 -> 0.53985886 | Q83: 0.040278999 | S83: =+Q83*$R$3 -> 0.0120837 | T83: =+Q83/D83 -> 0.91893677 | W83: =+U83*$V$3 -> 0 | X83: =+U83/D83 -> 0 | AA83: =+Y83*$Z$3 -> 0 | AB83: =+Y83/D83 -> 0 | AE83: =+AC83*$AD$3 -> 0 | AF83: =+AC83/D83 -> 0 | AG83: 0.010467248 | AI83: =+AG83*$AH$3 -> 0.0083737988 | AJ83: =+AG83/D83 -> 0.23880284 | AK83: 0.039410604 | AM83: =+AK83*$AL$3 -> 0.015764242 | AN83: =+AK83/D83 -> 0.89912495 | AP83: =SUM(G83,K83) -> 0 | AQ83: =AVERAGE(G83,K83) -> 0 | AR83: =MEDIAN(G83,K83) -> 0
A84: 141-97-9 | B84: Ethylacetoacetat Halal | C84: 0.031853 | D84: 0.035111367 | G84: =+E84*$F$3 -> 0 | H84: =+E84/D84 -> 0 | K84: =I84*$J$3 -> 0 | L84: =+I84/D84 -> 0 | O84: =+M84*$N$3 -> 0 | P84: =+M84/D84 -> 0 | S84: =+Q84*$R$3 -> 0 | T84: =+Q84/D84 -> 0 | W84: =+U84*$V$3 -> 0 | X84: =+U84/D84 -> 0 | AA84: =+Y84*$Z$3 -> 0 | AB84: =+Y84/D84 -> 0 | AE84: =+AC84*$AD$3 -> 0 | AF84: =+AC84/D84 -> 0 | AI84: =+AG84*$AH$3 -> 0 | AJ84: =+AG84/D84 -> 0 | AM84: =+AK84*$AL$3 -> 0 | AN84: =+AK84/D84 -> 0 | AP84: =SUM(G84,K84) -> 0 | AQ84: =AVERAGE(G84,K84) -> 0 | AR84: =MEDIAN(G84,K84) -> 0
A85: 93-89-0 | B85: Ethylbenzoat | C85: 0.001552 | D85: 0.0017717004 | G85: =+E85*$F$3 -> 0 | H85: =+E85/D85 -> 0 | K85: =I85*$J$3 -> 0 | L85: =+I85/D85 -> 0 | O85: =+M85*$N$3 -> 0 | P85: =+M85/D85 -> 0 | S85: =+Q85*$R$3 -> 0 | T85: =+Q85/D85 -> 0 | W85: =+U85*$V$3 -> 0 | X85: =+U85/D85 -> 0 | AA85: =+Y85*$Z$3 -> 0 | AB85: =+Y85/D85 -> 0 | AE85: =+AC85*$AD$3 -> 0 | AF85: =+AC85/D85 -> 0 | AI85: =+AG85*$AH$3 -> 0 | AJ85: =+AG85/D85 -> 0 | AM85: =+AK85*$AL$3 -> 0 | AN85: =+AK85/D85 -> 0 | AP85: =SUM(G85,K85) -> 0 | AQ85: =AVERAGE(G85,K85) -> 0 | AR85: =MEDIAN(G85,K85) -> 0
A86: 105-54-4 | B86: Ethylbutyrat Kosher Halal | C86: 0.093956 | D86: 0.1271677 | E86: 0.21830629 | G86: =+E86*$F$3 -> 0.13098378 | H86: =+E86/D86 -> 1.7166804 | I86: 0.13515909 | K86: =I86*$J$3 -> 0.067579545 | L86: =+I86/D86 -> 1.0628414 | M86: 0.17664455 | O86: =+M86*$N$3 -> 0.044161138 | P86: =+M86/D86 -> 1.3890678 | Q86: 0.11748041 | S86: =+Q86*$R$3 -> 0.035244124 | T86: =+Q86/D86 -> 0.92382278 | U86: 0.1052131 | W86: =+U86*$V$3 -> 0.042085241 | X86: =+U86/D86 -> 0.82735716 | Y86: 0.22838075 | AA86: =+Y86*$Z$3 -> 0.11419037 | AB86: =+Y86/D86 -> 1.7959022 | AC86: 0.076770935 | AE86: =+AC86*$AD$3 -> 0.038385468 | AF86: =+AC86/D86 -> 0.6036984 | AG86: 0.09927332 | AI86: =+AG86*$AH$3 -> 0.079418656 | AJ86: =+AG86/D86 -> 0.78064888 | AK86: 0.27883929 | AM86: =+AK86*$AL$3 -> 0.11153572 | AN86: =+AK86/D86 -> 2.1926896 | AP86: =SUM(G86,K86) -> 0.19856332 | AQ86: =AVERAGE(G86,K86) -> 0.09928166 | AR86: =MEDIAN(G86,K86) -> 0.09928166
A87: 103-36-6 | B87: Ethylcinnamat Halal | C87: 0.000304 | D87: 0.00048755237 | G87: =+E87*$F$3 -> 0 | H87: =+E87/D87 -> 0 | I87: 0.00029545455 | K87: =I87*$J$3 -> 0.00014772727 | L87: =+I87/D87 -> 0.60599551 | O87: =+M87*$N$3 -> 0 | P87: =+M87/D87 -> 0 | S87: =+Q87*$R$3 -> 0 | T87: =+Q87/D87 -> 0 | W87: =+U87*$V$3 -> 0 | X87: =+U87/D87 -> 0 | AA87: =+Y87*$Z$3 -> 0 | AB87: =+Y87/D87 -> 0 | AE87: =+AC87*$AD$3 -> 0 | AF87: =+AC87/D87 -> 0 | AI87: =+AG87*$AH$3 -> 0 | AJ87: =+AG87/D87 -> 0 | AM87: =+AK87*$AL$3 -> 0 | AN87: =+AK87/D87 -> 0 | AP87: =SUM(G87,K87) -> 0.00014772727 | AQ87: =AVERAGE(G87,K87) -> 7.3863636e-05 | AR87: =MEDIAN(G87,K87) -> 7.3863636e-05
A88: 110-38-3 | B88: Ethyldecanoat Halal | C88: 0.001164 | D88: 0.0017606037 | G88: =+E88*$F$3 -> 0 | H88: =+E88/D88 -> 0 | K88: =I88*$J$3 -> 0 | L88: =+I88/D88 -> 0 | M88: 0.00089585572 | O88: =+M88*$N$3 -> 0.00022396393 | P88: =+M88/D88 -> 0.5088344 | S88: =+Q88*$R$3 -> 0 | T88: =+Q88/D88 -> 0 | W88: =+U88*$V$3 -> 0 | X88: =+U88/D88 -> 0 | AA88: =+Y88*$Z$3 -> 0 | AB88: =+Y88/D88 -> 0 | AE88: =+AC88*$AD$3 -> 0 | AF88: =+AC88/D88 -> 0 | AI88: =+AG88*$AH$3 -> 0 | AJ88: =+AG88/D88 -> 0 | AM88: =+AK88*$AL$3 -> 0 | AN88: =+AK88/D88 -> 0 | AP88: =SUM(G88,K88) -> 0 | AQ88: =AVERAGE(G88,K88) -> 0 | AR88: =MEDIAN(G88,K88) -> 0
A89: 109-94-4 | B89: Ethylformiat Halal | C89: 0.004219 | D89: 0.0049666092 | G89: =+E89*$F$3 -> 0 | H89: =+E89/D89 -> 0 | K89: =I89*$J$3 -> 0 | L89: =+I89/D89 -> 0 | O89: =+M89*$N$3 -> 0 | P89: =+M89/D89 -> 0 | S89: =+Q89*$R$3 -> 0 | T89: =+Q89/D89 -> 0 | W89: =+U89*$V$3 -> 0 | X89: =+U89/D89 -> 0 | AA89: =+Y89*$Z$3 -> 0 | AB89: =+Y89/D89 -> 0 | AE89: =+AC89*$AD$3 -> 0 | AF89: =+AC89/D89 -> 0 | AI89: =+AG89*$AH$3 -> 0 | AJ89: =+AG89/D89 -> 0 | AM89: =+AK89*$AL$3 -> 0 | AN89: =+AK89/D89 -> 0 | AP89: =SUM(G89,K89) -> 0 | AQ89: =AVERAGE(G89,K89) -> 0 | AR89: =MEDIAN(G89,K89) -> 0
A90: 27538-09-6 | B90: Ethylfuraneol Kosher Halal | C90: 0.017558 | D90: 0.0050790747 | G90: =+E90*$F$3 -> 0 | H90: =+E90/D90 -> 0 | K90: =I90*$J$3 -> 0 | L90: =+I90/D90 -> 0 | O90: =+M90*$N$3 -> 0 | P90: =+M90/D90 -> 0 | S90: =+Q90*$R$3 -> 0 | T90: =+Q90/D90 -> 0 | W90: =+U90*$V$3 -> 0 | X90: =+U90/D90 -> 0 | AA90: =+Y90*$Z$3 -> 0 | AB90: =+Y90/D90 -> 0 | AE90: =+AC90*$AD$3 -> 0 | AF90: =+AC90/D90 -> 0 | AI90: =+AG90*$AH$3 -> 0 | AJ90: =+AG90/D90 -> 0 | AM90: =+AK90*$AL$3 -> 0 | AN90: =+AK90/D90 -> 0 | AP90: =SUM(G90,K90) -> 0 | AQ90: =AVERAGE(G90,K90) -> 0 | AR90: =MEDIAN(G90,K90) -> 0
A91: 106-30-9 | B91: Ethylheptanoat | C91: 0.000622 | D91: 0.00076649754 | G91: =+E91*$F$3 -> 0 | H91: =+E91/D91 -> 0 | K91: =I91*$J$3 -> 0 | L91: =+I91/D91 -> 0 | O91: =+M91*$N$3 -> 0 | P91: =+M91/D91 -> 0 | S91: =+Q91*$R$3 -> 0 | T91: =+Q91/D91 -> 0 | W91: =+U91*$V$3 -> 0 | X91: =+U91/D91 -> 0 | AA91: =+Y91*$Z$3 -> 0 | AB91: =+Y91/D91 -> 0 | AE91: =+AC91*$AD$3 -> 0 | AF91: =+AC91/D91 -> 0 | AI91: =+AG91*$AH$3 -> 0 | AJ91: =+AG91/D91 -> 0 | AM91: =+AK91*$AL$3 -> 0 | AN91: =+AK91/D91 -> 0 | AP91: =SUM(G91,K91) -> 0 | AQ91: =AVERAGE(G91,K91) -> 0 | AR91: =MEDIAN(G91,K91) -> 0
A92: 123-66-0 | B92: Ethylhexanoat Halal | C92: 0.036157 | D92: 0.053000308 | E92: 0.044243409 | G92: =+E92*$F$3 -> 0.026546045 | H92: =+E92/D92 -> 0.83477644 | I92: 0.11551136 | K92: =I92*$J$3 -> 0.057755682 | L92: =+I92/D92 -> 2.179447 | M92: 0.036170175 | O92: =+M92*$N$3 -> 0.0090425437 | P92: =+M92/D92 -> 0.68245216 | Q92: 0.036251099 | S92: =+Q92*$R$3 -> 0.01087533 | T92: =+Q92/D92 -> 0.68397903 | U92: 0.05527675 | W92: =+U92*$V$3 -> 0.0221107 | X92: =+U92/D92 -> 1.0429515 | Y92: 0.1479824 | AA92: =+Y92*$Z$3 -> 0.073991199 | AB92: =+Y92/D92 -> 2.7921045 | AC92: 0.028561001 | AE92: =+AC92*$AD$3 -> 0.014280501 | AF92: =+AC92/D92 -> 0.53888368 | AG92: 0.031995993 | AI92: =+AG92*$AH$3 -> 0.025596794 | AJ92: =+AG92/D92 -> 0.60369447 | AK92: 0.006188442 | AM92: =+AK92*$AL$3 -> 0.0024753768 | AN92: =+AK92/D92 -> 0.11676238 | AP92: =SUM(G92,K92) -> 0.084301727 | AQ92: =AVERAGE(G92,K92) -> 0.042150863 | AR92: =MEDIAN(G92,K92) -> 0.042150863
A93: 97-62-1 | B93: Ethylisobutyrat Halal | C93: 0.001173 | D93: 0.0038337524 | G93: =+E93*$F$3 -> 0 | H93: =+E93/D93 -> 0 | K93: =I93*$J$3 -> 0 | L93: =+I93/D93 -> 0 | O93: =+M93*$N$3 -> 0 | P93: =+M93/D93 -> 0 | S93: =+Q93*$R$3 -> 0 | T93: =+Q93/D93 -> 0 | W93: =+U93*$V$3 -> 0 | X93: =+U93/D93 -> 0 | AA93: =+Y93*$Z$3 -> 0 | AB93: =+Y93/D93 -> 0 | AE93: =+AC93*$AD$3 -> 0 | AF93: =+AC93/D93 -> 0 | AI93: =+AG93*$AH$3 -> 0 | AJ93: =+AG93/D93 -> 0 | AM93: =+AK93*$AL$3 -> 0 | AN93: =+AK93/D93 -> 0 | AP93: =SUM(G93,K93) -> 0 | AQ93: =AVERAGE(G93,K93) -> 0 | AR93: =MEDIAN(G93,K93) -> 0
A94: 108-64-5 | B94: Ethylisovalerat Kosher Halal | C94: 0.015013 | D94: 0.017984676 | G94: =+E94*$F$3 -> 0 | H94: =+E94/D94 -> 0 | K94: =I94*$J$3 -> 0 | L94: =+I94/D94 -> 0 | M94: 0.00027295604 | O94: =+M94*$N$3 -> 6.823901e-05 | P94: =+M94/D94 -> 0.015177145 | Q94: 0.01490323 | S94: =+Q94*$R$3 -> 0.0044709689 | T94: =+Q94/D94 -> 0.82866267 | U94: 0.019254686 | W94: =+U94*$V$3 -> 0.0077018743 | X94: =+U94/D94 -> 1.0706162 | AA94: =+Y94*$Z$3 -> 0 | AB94: =+Y94/D94 -> 0 | AE94: =+AC94*$AD$3 -> 0 | AF94: =+AC94/D94 -> 0 | AG94: 0.01465245 | AI94: =+AG94*$AH$3 -> 0.01172196 | AJ94: =+AG94/D94 -> 0.81471859 | AK94: 0.1086066 | AM94: =+AK94*$AL$3 -> 0.043442638 | AN94: =+AK94/D94 -> 6.0388408 | AP94: =SUM(G94,K94) -> 0 | AQ94: =AVERAGE(G94,K94) -> 0 | AR94: =MEDIAN(G94,K94) -> 0
A95: 97-64-3 | B95: Ethyllactat Halal | C95: 0.032692 | D95: 0.044169597 | E95: 0.12225152 | G95: =+E95*$F$3 -> 0.073350914 | H95: =+E95/D95 -> 2.7677754 | K95: =I95*$J$3 -> 0 | L95: =+I95/D95 -> 0 | O95: =+M95*$N$3 -> 0 | P95: =+M95/D95 -> 0 | S95: =+Q95*$R$3 -> 0 | T95: =+Q95/D95 -> 0 | W95: =+U95*$V$3 -> 0 | X95: =+U95/D95 -> 0 | AA95: =+Y95*$Z$3 -> 0 | AB95: =+Y95/D95 -> 0 | AE95: =+AC95*$AD$3 -> 0 | AF95: =+AC95/D95 -> 0 | AI95: =+AG95*$AH$3 -> 0 | AJ95: =+AG95/D95 -> 0 | AM95: =+AK95*$AL$3 -> 0 | AN95: =+AK95/D95 -> 0 | AP95: =SUM(G95,K95) -> 0.073350914 | AQ95: =AVERAGE(G95,K95) -> 0.036675457 | AR95: =MEDIAN(G95,K95) -> 0.036675457
A96: 106-33-2 | B96: Ethyllaurat, natürlich Kosher Halal | C96: 0.000494 | D96: 0.00060890194 | G96: =+E96*$F$3 -> 0 | H96: =+E96/D96 -> 0 | K96: =I96*$J$3 -> 0 | L96: =+I96/D96 -> 0 | M96: 0.00060890194 | O96: =+M96*$N$3 -> 0.00015222548 | P96: =+M96/D96 -> 1 | S96: =+Q96*$R$3 -> 0 | T96: =+Q96/D96 -> 0 | W96: =+U96*$V$3 -> 0 | X96: =+U96/D96 -> 0 | AA96: =+Y96*$Z$3 -> 0 | AB96: =+Y96/D96 -> 0 | AE96: =+AC96*$AD$3 -> 0 | AF96: =+AC96/D96 -> 0 | AI96: =+AG96*$AH$3 -> 0 | AJ96: =+AG96/D96 -> 0 | AM96: =+AK96*$AL$3 -> 0 | AN96: =+AK96/D96 -> 0 | AP96: =SUM(G96,K96) -> 0 | AQ96: =AVERAGE(G96,K96) -> 0 | AR96: =MEDIAN(G96,K96) -> 0
A97: 4940-11-8 | B97: Ethylmaltol Kosher Halal | C97: 0.222487 | D97: 0.2599599 | G97: =+E97*$F$3 -> 0 | H97: =+E97/D97 -> 0 | K97: =I97*$J$3 -> 0 | L97: =+I97/D97 -> 0 | O97: =+M97*$N$3 -> 0 | P97: =+M97/D97 -> 0 | S97: =+Q97*$R$3 -> 0 | T97: =+Q97/D97 -> 0 | W97: =+U97*$V$3 -> 0 | X97: =+U97/D97 -> 0 | AA97: =+Y97*$Z$3 -> 0 | AB97: =+Y97/D97 -> 0 | AE97: =+AC97*$AD$3 -> 0 | AF97: =+AC97/D97 -> 0 | AI97: =+AG97*$AH$3 -> 0 | AJ97: =+AG97/D97 -> 0 | AM97: =+AK97*$AL$3 -> 0 | AN97: =+AK97/D97 -> 0 | AP97: =SUM(G97,K97) -> 0 | AQ97: =AVERAGE(G97,K97) -> 0 | AR97: =MEDIAN(G97,K97) -> 0
A98: 106-32-1 | B98: Ethyloctanoat Halal Kosher | C98: 0.003417 | D98: 0.012120298 | G98: =+E98*$F$3 -> 0 | H98: =+E98/D98 -> 0 | K98: =I98*$J$3 -> 0 | L98: =+I98/D98 -> 0 | M98: 0.0034504443 | O98: =+M98*$N$3 -> 0.00086261108 | P98: =+M98/D98 -> 0.28468313 | S98: =+Q98*$R$3 -> 0 | T98: =+Q98/D98 -> 0 | U98: 0.013577772 | W98: =+U98*$V$3 -> 0.0054311089 | X98: =+U98/D98 -> 1.1202507 | AA98: =+Y98*$Z$3 -> 0 | AB98: =+Y98/D98 -> 0 | AE98: =+AC98*$AD$3 -> 0 | AF98: =+AC98/D98 -> 0 | AG98: 0.005815138 | AI98: =+AG98*$AH$3 -> 0.0046521104 | AJ98: =+AG98/D98 -> 0.47978507 | AM98: =+AK98*$AL$3 -> 0 | AN98: =+AK98/D98 -> 0 | AP98: =SUM(G98,K98) -> 0 | AQ98: =AVERAGE(G98,K98) -> 0 | AR98: =MEDIAN(G98,K98) -> 0
A99: 101-97-3 | B99: Ethylphenylacetat, natürlich Halal | C99: 7.5e-05 | D99: 7.4921993e-05 | G99: =+E99*$F$3 -> 0 | H99: =+E99/D99 -> 0 | K99: =I99*$J$3 -> 0 | L99: =+I99/D99 -> 0 | O99: =+M99*$N$3 -> 0 | P99: =+M99/D99 -> 0 | S99: =+Q99*$R$3 -> 0 | T99: =+Q99/D99 -> 0 | W99: =+U99*$V$3 -> 0 | X99: =+U99/D99 -> 0 | AA99: =+Y99*$Z$3 -> 0 | AB99: =+Y99/D99 -> 0 | AE99: =+AC99*$AD$3 -> 0 | AF99: =+AC99/D99 -> 0 | AI99: =+AG99*$AH$3 -> 0 | AJ99: =+AG99/D99 -> 0 | AM99: =+AK99*$AL$3 -> 0 | AN99: =+AK99/D99 -> 0 | AP99: =SUM(G99,K99) -> 0 | AQ99: =AVERAGE(G99,K99) -> 0 | AR99: =MEDIAN(G99,K99) -> 0
A100: 105-37-3 | B100: Ethylpropionat Halal | C100: 0.006306 | D100: 0.012828147 | G100: =+E100*$F$3 -> 0 | H100: =+E100/D100 -> 0 | K100: =I100*$J$3 -> 0 | L100: =+I100/D100 -> 0 | M100: 0.0069778762 | O100: =+M100*$N$3 -> 0.0017444691 | P100: =+M100/D100 -> 0.54395045 | S100: =+Q100*$R$3 -> 0 | T100: =+Q100/D100 -> 0 | W100: =+U100*$V$3 -> 0 | X100: =+U100/D100 -> 0 | AA100: =+Y100*$Z$3 -> 0 | AB100: =+Y100/D100 -> 0 | AE100: =+AC100*$AD$3 -> 0 | AF100: =+AC100/D100 -> 0 | AI100: =+AG100*$AH$3 -> 0 | AJ100: =+AG100/D100 -> 0 | AM100: =+AK100*$AL$3 -> 0 | AN100: =+AK100/D100 -> 0 | AP100: =SUM(G100,K100) -> 0 | AQ100: =AVERAGE(G100,K100) -> 0 | AR100: =MEDIAN(G100,K100) -> 0
...

Sheet Rezepte_Scoring
B1: Unpleasant | C1: warm | D1: green | E1: floral | F1: citrus | G1: exotic | H1: Outlayer
A2: Rezept
A3: 188.977 | B3: =SUMPRODUCT('Übersicht Score Index'!C3:C227,Rezepte!H3:H227) -> 26.513488 | C3: =SUMPRODUCT('Übersicht Score Index'!D3:D227,Rezepte!H3:H227) -> 69.87688 | D3: =SUMPRODUCT('Übersicht Score Index'!E3:E227,Rezepte!H3:H227) -> 12.787502 | E3: =SUMPRODUCT('Übersicht Score Index'!F3:F227,Rezepte!H3:H227) -> 4.323787 | F3: =SUMPRODUCT('Übersicht Score Index'!G3:G227,Rezepte!H3:H227) -> 5.9938327 | G3: =SUMPRODUCT('Übersicht Score Index'!H3:H227,Rezepte!H3:H227) -> 8.4867592 | H3: =SUMPRODUCT('Übersicht Score Index'!I3:I227,Rezepte!H3:H227) -> 3.0581869 | I3: Warm
A4: 185.267 | B4: =SUMPRODUCT('Übersicht Score Index'!C3:C227,Rezepte!L3:L227) -> 75.684447 | C4: =SUMPRODUCT('Übersicht Score Index'!D3:D227,Rezepte!L3:L227) -> 16.019169 | D4: =SUMPRODUCT('Übersicht Score Index'!E3:E227,Rezepte!L3:L227) -> 38.283996 | E4: =SUMPRODUCT('Übersicht Score Index'!F3:F227,Rezepte!L3:L227) -> 12.276262 | F4: =SUMPRODUCT('Übersicht Score Index'!G3:G227,Rezepte!L3:L227) -> 8.2733422 | G4: =SUMPRODUCT('Übersicht Score Index'!H3:H227,Rezepte!L3:L227) -> 8.2850883 | H4: =SUMPRODUCT('Übersicht Score Index'!I3:I227,Rezepte!L3:L227) -> 0 | I4: Unpleasant
A5: 187.894 | B5: =SUMPRODUCT('Übersicht Score Index'!C3:C227,Rezepte!P3:P227) -> 18.936389 | C5: =SUMPRODUCT('Übersicht Score Index'!D3:D227,Rezepte!P3:P227) -> 29.521867 | D5: =SUMPRODUCT('Übersicht Score Index'!E3:E227,Rezepte!P3:P227) -> 48.493203 | E5: =SUMPRODUCT('Übersicht Score Index'!F3:F227,Rezepte!P3:P227) -> 245.86371 | F5: =SUMPRODUCT('Übersicht Score Index'!G3:G227,Rezepte!P3:P227) -> 4.051867 | G5: =SUMPRODUCT('Übersicht Score Index'!H3:H227,Rezepte!P3:P227) -> 5.6381342 | H5: =SUMPRODUCT('Übersicht Score Index'!I3:I227,Rezepte!P3:P227) -> 0 | I5: Walderdbeere
A6: 188.820 | B6: =SUMPRODUCT('Übersicht Score Index'!C3:C227,Rezepte!T3:T227) -> 21.942908 | C6: =SUMPRODUCT('Übersicht Score Index'!D3:D227,Rezepte!U3:U227) -> 1.2395131 | D6: =SUMPRODUCT('Übersicht Score Index'!E3:E227,Rezepte!T3:T227) -> 35.942855 | E6: =SUMPRODUCT('Übersicht Score Index'!F3:F227,Rezepte!T3:T227) -> 12.245673 | F6: =SUMPRODUCT('Übersicht Score Index'!G3:G227,Rezepte!T3:T227) -> 6.4196318 | G6: =SUMPRODUCT('Übersicht Score Index'!H3:H227,Rezepte!T3:T227) -> 7.9065777 | H6: =SUMPRODUCT('Übersicht Score Index'!I3:I227,Rezepte!T3:T227) -> 0.0015975999 | I6: Grün
A7: 188.412 | B7: =SUMPRODUCT('Übersicht Score Index'!C3:C227,Rezepte!X3:X227) -> 20.884938 | C7: =SUMPRODUCT('Übersicht Score Index'!D3:D227,Rezepte!X3:X227) -> 15.008297 | D7: =SUMPRODUCT('Übersicht Score Index'!E3:E227,Rezepte!X3:X227) -> 49.318851 | E7: =SUMPRODUCT('Übersicht Score Index'!F3:F227,Rezepte!X3:X227) -> 17.898646 | F7: =SUMPRODUCT('Übersicht Score Index'!G3:G227,Rezepte!X3:X227) -> 10.824909 | G7: =SUMPRODUCT('Übersicht Score Index'!H3:H227,Rezepte!X3:X227) -> 10.824909 | H7: =SUMPRODUCT('Übersicht Score Index'!I3:I227,Rezepte!X3:X227) -> 0 | I7: Grün
A8: 187.829 | B8: =SUMPRODUCT('Übersicht Score Index'!C3:C227,Rezepte!AB3:AB227) -> 55.021871 | C8: =SUMPRODUCT('Übersicht Score Index'!D3:D227,Rezepte!AB3:AB227) -> 54.768281 | D8: =SUMPRODUCT('Übersicht Score Index'!E3:E227,Rezepte!AB3:AB227) -> 34.261219 | E8: =SUMPRODUCT('Übersicht Score Index'!F3:F227,Rezepte!AB3:AB227) -> 1.8301772 | F8: =SUMPRODUCT('Übersicht Score Index'!G3:G227,Rezepte!AB3:AB227) -> 6.399465 | G8: =SUMPRODUCT('Übersicht Score Index'!H3:H227,Rezepte!AB3:AB227) -> 6.399465 | H8: =SUMPRODUCT('Übersicht Score Index'!I3:I227,Rezepte!AB3:AB227) -> 18.09946 | I8: Unpleasant
A9: 185.237 | B9: =SUMPRODUCT('Übersicht Score Index'!C3:C227,Rezepte!AF3:AF227) -> 31.259441 | C9: =SUMPRODUCT('Übersicht Score Index'!D3:D227,Rezepte!AF3:AF227) -> 102.21884 | D9: =SUMPRODUCT('Übersicht Score Index'!E3:E227,Rezepte!AF3:AF227) -> 27.483157 | E9: =SUMPRODUCT('Übersicht Score Index'!F3:F227,Rezepte!AF3:AF227) -> 7.4969773 | F9: =SUMPRODUCT('Übersicht Score Index'!G3:G227,Rezepte!AF3:AF227) -> 7.6484533 | G9: =SUMPRODUCT('Übersicht Score Index'!H3:H227,Rezepte!AF3:AF227) -> 7.6484533 | H9: =SUMPRODUCT('Übersicht Score Index'!I3:I227,Rezepte!AF3:AF227) -> 1.4008551 | I9: warm
A10: 185.294 | B10: =SUMPRODUCT('Übersicht Score Index'!C3:C227,Rezepte!AJ3:AJ227) -> 11.901388 | C10: =SUMPRODUCT('Übersicht Score Index'!D3:D227,Rezepte!AJ3:AJ227) -> 22.835767 | D10: =SUMPRODUCT('Übersicht Score Index'!E3:E227,Rezepte!AJ3:AJ227) -> 15.200305 | E10: =SUMPRODUCT('Übersicht Score Index'!F3:F227,Rezepte!AJ3:AJ227) -> 8.0203771 | F10: =SUMPRODUCT('Übersicht Score Index'!G3:G227,Rezepte!AJ3:AJ227) -> 4.0551335 | G10: =SUMPRODUCT('Übersicht Score Index'!H3:H227,Rezepte!AJ3:AJ227) -> 4.0551335 | H10: =SUMPRODUCT('Übersicht Score Index'!I3:I227,Rezepte!AJ3:AJ227) -> 1.4936247 | I10: dairy
A11: 187.776 | B11: =SUMPRODUCT('Übersicht Score Index'!C3:C227,Rezepte!AN3:AN227) -> 4.8964045 | C11: =SUMPRODUCT('Übersicht Score Index'!D3:D227,Rezepte!AN3:AN227) -> 56.175626 | D11: =SUMPRODUCT('Übersicht Score Index'!E3:E227,Rezepte!AN3:AN227) -> 16.324223 | E11: =SUMPRODUCT('Übersicht Score Index'!F3:F227,Rezepte!AN3:AN227) -> 75.005359 | F11: =SUMPRODUCT('Übersicht Score Index'!G3:G227,Rezepte!AN3:AN227) -> 4.8778818 | G11: =SUMPRODUCT('Übersicht Score Index'!H3:H227,Rezepte!AN3:AN227) -> 4.8778818 | H11: =SUMPRODUCT('Übersicht Score Index'!I3:I227,Rezepte!AN3:AN227) -> 0.0020580743 | I11: floral
B27: Unpleasant | C27: warm | D27: green | E27: floral | F27: citrus | G27: exotic | H27: Outlayer
A28: Rezept
A29: 188.977 | C29: 0.94100141 | D29: 0.43996577 | E29: 0.38168323 | F29: 0.25946663 | G29: 0.25946663 | H29: 0.043954662 | I29: Warm
A30: 185.267 | B30: 0.83270455 | C30: 0.45710227 | D30: 0.01825 | E30: 0.47754545 | F30: 0.26486364 | G30: 0.12302273 | H30: 0 | I30: Unpleasant
A31: 187.894 | B31: 0.058151885 | C31: 0.1217314 | D31: 0.14439724 | E31: 0.039298671 | F31: 0.052512543 | G31: 0.038724763 | H31: 0.04458282 | I31: Walderdbeere

Sheet Rohstoffe_im_Cluster_Scoring
A1: CAS Nr. | B1: Rohstoff | C1: Unpleasant Score | F1: warm | I1: green | L1: floral | O1: citrus | R1: exotic | U1: Outlayer
C2: Summe | D2: Mittelwert | E2: Median | F2: Summe | G2: Mittelwert | H2: Median | I2: Summe | J2: Mittelwert | K2: Median | L2: Summe | M2: Mittelwert | N2: Median | O2: Summe | P2: Mittelwert | Q2: Median | R2: Summe | S2: Mittelwert | T2: Median | U2: Summe | V2: Mittelwert | W2: Median
A3: 14667-55-1 | B3: 2,3,5-Trimethylpyrazin, natürlich Halal | C3: ='Übersicht Score Index'!C3*Rezepte!AP3 -> 0.005239351 | D3: ='Übersicht Score Index'!C3*Rezepte!AQ3 -> 0.0015718053 | E3: ='Übersicht Score Index'!C3*Rezepte!AR3 -> 0.0015718053 | F3: ='Übersicht Score Index'!D3*Rezepte!AP3 -> 0.005239351 | G3: ='Übersicht Score Index'!D3*Rezepte!AQ3 -> 0.0015718053 | H3: ='Übersicht Score Index'!D3*Rezepte!AR3 -> 0.0015718053 | I3: ='Übersicht Score Index'!E3*Rezepte!AP3 -> 0 | J3: ='Übersicht Score Index'!E3*Rezepte!AQ3 -> 0 | K3: ='Übersicht Score Index'!E3*Rezepte!AR3 -> 0 | L3: ='Übersicht Score Index'!F3*Rezepte!AP3 -> 0 | M3: ='Übersicht Score Index'!F3*Rezepte!AQ3 -> 0 | N3: ='Übersicht Score Index'!F3*Rezepte!AR3 -> 0 | O3: ='Übersicht Score Index'!G3*Rezepte!AP3 -> 0 | P3: ='Übersicht Score Index'!G3*Rezepte!AQ3 -> 0 | Q3: ='Übersicht Score Index'!G3*Rezepte!AR3 -> 0 | R3: ='Übersicht Score Index'!H3*Rezepte!AP3 -> 0 | S3: ='Übersicht Score Index'!H3*Rezepte!AQ3 -> 0 | T3: ='Übersicht Score Index'!H3*Rezepte!AR3 -> 0 | U3: ='Übersicht Score Index'!I3*Rezepte!AP3 -> 0.005239351 | V3: ='Übersicht Score Index'!I3*Rezepte!AQ3 -> 0.0015718053 | W3: ='Übersicht Score Index'!I3*Rezepte!AR3 -> 0.0015718053
A4: 1192-62-7 | B4: 2-Acetylfuran, natürlich | C4: ='Übersicht Score Index'!C4*Rezepte!AP4 -> 0 | D4: ='Übersicht Score Index'!C4*Rezepte!AQ4 -> 0 | E4: ='Übersicht Score Index'!C4*Rezepte!AR4 -> 0 | F4: ='Übersicht Score Index'!D4*Rezepte!AP4 -> 0 | G4: ='Übersicht Score Index'!D4*Rezepte!AQ4 -> 0 | H4: ='Übersicht Score Index'!D4*Rezepte!AR4 -> 0 | I4: ='Übersicht Score Index'!E4*Rezepte!AP4 -> 0 | J4: ='Übersicht Score Index'!E4*Rezepte!AQ4 -> 0 | K4: ='Übersicht Score Index'!E4*Rezepte!AR4 -> 0 | L4: ='Übersicht Score Index'!F4*Rezepte!AP4 -> 0 | M4: ='Übersicht Score Index'!F4*Rezepte!AQ4 -> 0 | N4: ='Übersicht Score Index'!F4*Rezepte!AR4 -> 0 | O4: ='Übersicht Score Index'!G4*Rezepte!AP4 -> 0 | P4: ='Übersicht Score Index'!G4*Rezepte!AQ4 -> 0 | Q4: ='Übersicht Score Index'!G4*Rezepte!AR4 -> 0 | R4: ='Übersicht Score Index'!H4*Rezepte!AP4 -> 0 | S4: ='Übersicht Score Index'!H4*Rezepte!AQ4 -> 0 | T4: ='Übersicht Score Index'!H4*Rezepte!AR4 -> 0 | U4: ='Übersicht Score Index'!I4*Rezepte!AP4 -> 0 | V4: ='Übersicht Score Index'!I4*Rezepte!AQ4 -> 0 | W4: ='Übersicht Score Index'!I4*Rezepte!AR4 -> 0
A5: 15679-12-6 | B5: 2-Ethyl-4-methylthiazol, natürlich | C5: ='Übersicht Score Index'!C5*Rezepte!AP5 -> 0 | D5: ='Übersicht Score Index'!C5*Rezepte!AQ5 -> 0 | E5: ='Übersicht Score Index'!C5*Rezepte!AR5 -> 0 | F5: ='Übersicht Score Index'!D5*Rezepte!AP5 -> 0 | G5: ='Übersicht Score Index'!D5*Rezepte!AQ5 -> 0 | H5: ='Übersicht Score Index'!D5*Rezepte!AR5 -> 0 | I5: ='Übersicht Score Index'!E5*Rezepte!AP5 -> 0 | J5: ='Übersicht Score Index'!E5*Rezepte!AQ5 -> 0 | K5: ='Übersicht Score Index'!E5*Rezepte!AR5 -> 0 | L5: ='Übersicht Score Index'!F5*Rezepte!AP5 -> 0 | M5: ='Übersicht Score Index'!F5*Rezepte!AQ5 -> 0 | N5: ='Übersicht Score Index'!F5*Rezepte!AR5 -> 0 | O5: ='Übersicht Score Index'!G5*Rezepte!AP5 -> 0 | P5: ='Übersicht Score Index'!G5*Rezepte!AQ5 -> 0 | Q5: ='Übersicht Score Index'!G5*Rezepte!AR5 -> 0 | R5: ='Übersicht Score Index'!H5*Rezepte!AP5 -> 0 | S5: ='Übersicht Score Index'!H5*Rezepte!AQ5 -> 0 | T5: ='Übersicht Score Index'!H5*Rezepte!AR5 -> 0 | U5: ='Übersicht Score Index'!I5*Rezepte!AP5 -> 0 | V5: ='Übersicht Score Index'!I5*Rezepte!AQ5 -> 0 | W5: ='Übersicht Score Index'!I5*Rezepte!AR5 -> 0
A6: 110-43-0 | B6: 2-Heptanon Halal | C6: ='Übersicht Score Index'!C6*Rezepte!AP6 -> 0 | D6: ='Übersicht Score Index'!C6*Rezepte!AQ6 -> 0 | E6: ='Übersicht Score Index'!C6*Rezepte!AR6 -> 0 | F6: ='Übersicht Score Index'!D6*Rezepte!AP6 -> 0 | G6: ='Übersicht Score Index'!D6*Rezepte!AQ6 -> 0 | H6: ='Übersicht Score Index'!D6*Rezepte!AR6 -> 0 | I6: ='Übersicht Score Index'!E6*Rezepte!AP6 -> 0 | J6: ='Übersicht Score Index'!E6*Rezepte!AQ6 -> 0 | K6: ='Übersicht Score Index'!E6*Rezepte!AR6 -> 0 | L6: ='Übersicht Score Index'!F6*Rezepte!AP6 -> 0 | M6: ='Übersicht Score Index'!F6*Rezepte!AQ6 -> 0 | N6: ='Übersicht Score Index'!F6*Rezepte!AR6 -> 0 | O6: ='Übersicht Score Index'!G6*Rezepte!AP6 -> 0 | P6: ='Übersicht Score Index'!G6*Rezepte!AQ6 -> 0 | Q6: ='Übersicht Score Index'!G6*Rezepte!AR6 -> 0 | R6: ='Übersicht Score Index'!H6*Rezepte!AP6 -> 0 | S6: ='Übersicht Score Index'!H6*Rezepte!AQ6 -> 0 | T6: ='Übersicht Score Index'!H6*Rezepte!AR6 -> 0 | U6: ='Übersicht Score Index'!I6*Rezepte!AP6 -> 0 | V6: ='Übersicht Score Index'!I6*Rezepte!AQ6 -> 0 | W6: ='Übersicht Score Index'!I6*Rezepte!AR6 -> 0
A7: 137-32-6 | B7: 2-Methyl-1-butanol, natürlich Kosher Halal | C7: ='Übersicht Score Index'!C7*Rezepte!AP7 -> 0 | D7: ='Übersicht Score Index'!C7*Rezepte!AQ7 -> 0 | E7: ='Übersicht Score Index'!C7*Rezepte!AR7 -> 0 | F7: ='Übersicht Score Index'!D7*Rezepte!AP7 -> 0 | G7: ='Übersicht Score Index'!D7*Rezepte!AQ7 -> 0 | H7: ='Übersicht Score Index'!D7*Rezepte!AR7 -> 0 | I7: ='Übersicht Score Index'!E7*Rezepte!AP7 -> 0 | J7: ='Übersicht Score Index'!E7*Rezepte!AQ7 -> 0 | K7: ='Übersicht Score Index'!E7*Rezepte!AR7 -> 0 | L7: ='Übersicht Score Index'!F7*Rezepte!AP7 -> 0 | M7: ='Übersicht Score Index'!F7*Rezepte!AQ7 -> 0 | N7: ='Übersicht Score Index'!F7*Rezepte!AR7 -> 0 | O7: ='Übersicht Score Index'!G7*Rezepte!AP7 -> 0 | P7: ='Übersicht Score Index'!G7*Rezepte!AQ7 -> 0 | Q7: ='Übersicht Score Index'!G7*Rezepte!AR7 -> 0 | R7: ='Übersicht Score Index'!H7*Rezepte!AP7 -> 0 | S7: ='Übersicht Score Index'!H7*Rezepte!AQ7 -> 0 | T7: ='Übersicht Score Index'!H7*Rezepte!AR7 -> 0 | U7: ='Übersicht Score Index'!I7*Rezepte!AP7 -> 0 | V7: ='Übersicht Score Index'!I7*Rezepte!AQ7 -> 0 | W7: ='Übersicht Score Index'!I7*Rezepte!AR7 -> 0
A8: 3142-72-1 | B8: 2-Methyl-2-pentensäure | C8: ='Übersicht Score Index'!C8*Rezepte!AP8 -> 0 | D8: ='Übersicht Score Index'!C8*Rezepte!AQ8 -> 0 | E8: ='Übersicht Score Index'!C8*Rezepte!AR8 -> 0 | F8: ='Übersicht Score Index'!D8*Rezepte!AP8 -> 0 | G8: ='Übersicht Score Index'!D8*Rezepte!AQ8 -> 0 | H8: ='Übersicht Score Index'!D8*Rezepte!AR8 -> 0 | I8: ='Übersicht Score Index'!E8*Rezepte!AP8 -> 0 | J8: ='Übersicht Score Index'!E8*Rezepte!AQ8 -> 0 | K8: ='Übersicht Score Index'!E8*Rezepte!AR8 -> 0 | L8: ='Übersicht Score Index'!F8*Rezepte!AP8 -> 0 | M8: ='Übersicht Score Index'!F8*Rezepte!AQ8 -> 0 | N8: ='Übersicht Score Index'!F8*Rezepte!AR8 -> 0 | O8: ='Übersicht Score Index'!G8*Rezepte!AP8 -> 0 | P8: ='Übersicht Score Index'!G8*Rezepte!AQ8 -> 0 | Q8: ='Übersicht Score Index'!G8*Rezepte!AR8 -> 0 | R8: ='Übersicht Score Index'!H8*Rezepte!AP8 -> 0 | S8: ='Übersicht Score Index'!H8*Rezepte!AQ8 -> 0 | T8: ='Übersicht Score Index'!H8*Rezepte!AR8 -> 0 | U8: ='Übersicht Score Index'!I8*Rezepte!AP8 -> 0 | V8: ='Übersicht Score Index'!I8*Rezepte!AQ8 -> 0 | W8: ='Übersicht Score Index'!I8*Rezepte!AR8 -> 0
A9: 116-53-0 | B9: 2-Methylbuttersäure Halal Kosher | C9: ='Übersicht Score Index'!C9*Rezepte!AP9 -> 0.36250576 | D9: ='Übersicht Score Index'!C9*Rezepte!AQ9 -> 0.18125288 | E9: ='Übersicht Score Index'!C9*Rezepte!AR9 -> 0.18125288 | F9: ='Übersicht Score Index'!D9*Rezepte!AP9 -> 0.36250576 | G9: ='Übersicht Score Index'!D9*Rezepte!AQ9 -> 0.18125288 | H9: ='Übersicht Score Index'!D9*Rezepte!AR9 -> 0.18125288 | I9: ='Übersicht Score Index'!E9*Rezepte!AP9 -> 0 | J9: ='Übersicht Score Index'!E9*Rezepte!AQ9 -> 0 | K9: ='Übersicht Score Index'!E9*Rezepte!AR9 -> 0 | L9: ='Übersicht Score Index'!F9*Rezepte!AP9 -> 0 | M9: ='Übersicht Score Index'!F9*Rezepte!AQ9 -> 0 | N9: ='Übersicht Score Index'!F9*Rezepte!AR9 -> 0 | O9: ='Übersicht Score Index'!G9*Rezepte!AP9 -> 0.36250576 | P9: ='Übersicht Score Index'!G9*Rezepte!AQ9 -> 0.18125288 | Q9: ='Übersicht Score Index'!G9*Rezepte!AR9 -> 0.18125288 | R9: ='Übersicht Score Index'!H9*Rezepte!AP9 -> 0.36250576 | S9: ='Übersicht Score Index'!H9*Rezepte!AQ9 -> 0.18125288 | T9: ='Übersicht Score Index'!H9*Rezepte!AR9 -> 0.18125288 | U9: ='Übersicht Score Index'!I9*Rezepte!AP9 -> 0 | V9: ='Übersicht Score Index'!I9*Rezepte!AQ9 -> 0 | W9: ='Übersicht Score Index'!I9*Rezepte!AR9 -> 0
A10: 2445-78-5 | B10: 2-Methylbutyl-2-methylbutyrat | C10: ='Übersicht Score Index'!C10*Rezepte!AP10 -> 0 | D10: ='Übersicht Score Index'!C10*Rezepte!AQ10 -> 0 | E10: ='Übersicht Score Index'!C10*Rezepte!AR10 -> 0 | F10: ='Übersicht Score Index'!D10*Rezepte!AP10 -> 0 | G10: ='Übersicht Score Index'!D10*Rezepte!AQ10 -> 0 | H10: ='Übersicht Score Index'!D10*Rezepte!AR10 -> 0 | I10: ='Übersicht Score Index'!E10*Rezepte!AP10 -> 0 | J10: ='Übersicht Score Index'!E10*Rezepte!AQ10 -> 0 | K10: ='Übersicht Score Index'!E10*Rezepte!AR10 -> 0 | L10: ='Übersicht Score Index'!F10*Rezepte!AP10 -> 0 | M10: ='Übersicht Score Index'!F10*Rezepte!AQ10 -> 0 | N10: ='Übersicht Score Index'!F10*Rezepte!AR10 -> 0 | O10: ='Übersicht Score Index'!G10*Rezepte!AP10 -> 0 | P10: ='Übersicht Score Index'!G10*Rezepte!AQ10 -> 0 | Q10: ='Übersicht Score Index'!G10*Rezepte!AR10 -> 0 | R10: ='Übersicht Score Index'!H10*Rezepte!AP10 -> 0 | S10: ='Übersicht Score Index'!H10*Rezepte!AQ10 -> 0 | T10: ='Übersicht Score Index'!H10*Rezepte!AR10 -> 0 | U10: ='Übersicht Score Index'!I10*Rezepte!AP10 -> 0 | V10: ='Übersicht Score Index'!I10*Rezepte!AQ10 -> 0 | W10: ='Übersicht Score Index'!I10*Rezepte!AR10 -> 0
A11: 624-41-9 | B11: 2-Methylbutylacetat Kosher Halal | C11: ='Übersicht Score Index'!C11*Rezepte!AP11 -> 0 | D11: ='Übersicht Score Index'!C11*Rezepte!AQ11 -> 0 | E11: ='Übersicht Score Index'!C11*Rezepte!AR11 -> 0 | F11: ='Übersicht Score Index'!D11*Rezepte!AP11 -> 0 | G11: ='Übersicht Score Index'!D11*Rezepte!AQ11 -> 0 | H11: ='Übersicht Score Index'!D11*Rezepte!AR11 -> 0 | I11: ='Übersicht Score Index'!E11*Rezepte!AP11 -> 0 | J11: ='Übersicht Score Index'!E11*Rezepte!AQ11 -> 0 | K11: ='Übersicht Score Index'!E11*Rezepte!AR11 -> 0 | L11: ='Übersicht Score Index'!F11*Rezepte!AP11 -> 0 | M11: ='Übersicht Score Index'!F11*Rezepte!AQ11 -> 0 | N11: ='Übersicht Score Index'!F11*Rezepte!AR11 -> 0 | O11: ='Übersicht Score Index'!G11*Rezepte!AP11 -> 0 | P11: ='Übersicht Score Index'!G11*Rezepte!AQ11 -> 0 | Q11: ='Übersicht Score Index'!G11*Rezepte!AR11 -> 0 | R11: ='Übersicht Score Index'!H11*Rezepte!AP11 -> 0 | S11: ='Übersicht Score Index'!H11*Rezepte!AQ11 -> 0 | T11: ='Übersicht Score Index'!H11*Rezepte!AR11 -> 0 | U11: ='Übersicht Score Index'!I11*Rezepte!AP11 -> 0 | V11: ='Übersicht Score Index'!I11*Rezepte!AQ11 -> 0 | W11: ='Übersicht Score Index'!I11*Rezepte!AR11 -> 0
A12: 51115-64-1 | B12: 2-Methylbutylbutyrat | C12: ='Übersicht Score Index'!C12*Rezepte!AP12 -> 0 | D12: ='Übersicht Score Index'!C12*Rezepte!AQ12 -> 0 | E12: ='Übersicht Score Index'!C12*Rezepte!AR12 -> 0 | F12: ='Übersicht Score Index'!D12*Rezepte!AP12 -> 0 | G12: ='Übersicht Score Index'!D12*Rezepte!AQ12 -> 0 | H12: ='Übersicht Score Index'!D12*Rezepte!AR12 -> 0 | I12: ='Übersicht Score Index'!E12*Rezepte!AP12 -> 0 | J12: ='Übersicht Score Index'!E12*Rezepte!AQ12 -> 0 | K12: ='Übersicht Score Index'!E12*Rezepte!AR12 -> 0 | L12: ='Übersicht Score Index'!F12*Rezepte!AP12 -> 0 | M12: ='Übersicht Score Index'!F12*Rezepte!AQ12 -> 0 | N12: ='Übersicht Score Index'!F12*Rezepte!AR12 -> 0 | O12: ='Übersicht Score Index'!G12*Rezepte!AP12 -> 0 | P12: ='Übersicht Score Index'!G12*Rezepte!AQ12 -> 0 | Q12: ='Übersicht Score Index'!G12*Rezepte!AR12 -> 0 | R12: ='Übersicht Score Index'!H12*Rezepte!AP12 -> 0 | S12: ='Übersicht Score Index'!H12*Rezepte!AQ12 -> 0 | T12: ='Übersicht Score Index'!H12*Rezepte!AR12 -> 0 | U12: ='Übersicht Score Index'!I12*Rezepte!AP12 -> 0 | V12: ='Übersicht Score Index'!I12*Rezepte!AQ12 -> 0 | W12: ='Übersicht Score Index'!I12*Rezepte!AR12 -> 0
A13: 2445-77-4 | B13: 2-Methylbutylisovalerat | C13: ='Übersicht Score Index'!C13*Rezepte!AP13 -> 0 | D13: ='Übersicht Score Index'!C13*Rezepte!AQ13 -> 0 | E13: ='Übersicht Score Index'!C13*Rezepte!AR13 -> 0 | F13: ='Übersicht Score Index'!D13*Rezepte!AP13 -> 0 | G13: ='Übersicht Score Index'!D13*Rezepte!AQ13 -> 0 | H13: ='Übersicht Score Index'!D13*Rezepte!AR13 -> 0 | I13: ='Übersicht Score Index'!E13*Rezepte!AP13 -> 0 | J13: ='Übersicht Score Index'!E13*Rezepte!AQ13 -> 0 | K13: ='Übersicht Score Index'!E13*Rezepte!AR13 -> 0 | L13: ='Übersicht Score Index'!F13*Rezepte!AP13 -> 0 | M13: ='Übersicht Score Index'!F13*Rezepte!AQ13 -> 0 | N13: ='Übersicht Score Index'!F13*Rezepte!AR13 -> 0 | O13: ='Übersicht Score Index'!G13*Rezepte!AP13 -> 0 | P13: ='Übersicht Score Index'!G13*Rezepte!AQ13 -> 0 | Q13: ='Übersicht Score Index'!G13*Rezepte!AR13 -> 0 | R13: ='Übersicht Score Index'!H13*Rezepte!AP13 -> 0 | S13: ='Übersicht Score Index'!H13*Rezepte!AQ13 -> 0 | T13: ='Übersicht Score Index'!H13*Rezepte!AR13 -> 0 | U13: ='Übersicht Score Index'!I13*Rezepte!AP13 -> 0 | V13: ='Übersicht Score Index'!I13*Rezepte!AQ13 -> 0 | W13: ='Übersicht Score Index'!I13*Rezepte!AR13 -> 0
A14: 821-55-6 | B14: 2-Nonanon, natürlich Halal | C14: ='Übersicht Score Index'!C14*Rezepte!AP14 -> 0 | D14: ='Übersicht Score Index'!C14*Rezepte!AQ14 -> 0 | E14: ='Übersicht Score Index'!C14*Rezepte!AR14 -> 0 | F14: ='Übersicht Score Index'!D14*Rezepte!AP14 -> 0 | G14: ='Übersicht Score Index'!D14*Rezepte!AQ14 -> 0 | H14: ='Übersicht Score Index'!D14*Rezepte!AR14 -> 0 | I14: ='Übersicht Score Index'!E14*Rezepte!AP14 -> 0 | J14: ='Übersicht Score Index'!E14*Rezepte!AQ14 -> 0 | K14: ='Übersicht Score Index'!E14*Rezepte!AR14 -> 0 | L14: ='Übersicht Score Index'!F14*Rezepte!AP14 -> 0 | M14: ='Übersicht Score Index'!F14*Rezepte!AQ14 -> 0 | N14: ='Übersicht Score Index'!F14*Rezepte!AR14 -> 0 | O14: ='Übersicht Score Index'!G14*Rezepte!AP14 -> 0 | P14: ='Übersicht Score Index'!G14*Rezepte!AQ14 -> 0 | Q14: ='Übersicht Score Index'!G14*Rezepte!AR14 -> 0 | R14: ='Übersicht Score Index'!H14*Rezepte!AP14 -> 0 | S14: ='Übersicht Score Index'!H14*Rezepte!AQ14 -> 0 | T14: ='Übersicht Score Index'!H14*Rezepte!AR14 -> 0 | U14: ='Übersicht Score Index'!I14*Rezepte!AP14 -> 0 | V14: ='Übersicht Score Index'!I14*Rezepte!AQ14 -> 0 | W14: ='Übersicht Score Index'!I14*Rezepte!AR14 -> 0
... A22: 3390-12-3 | B22: Acetaldehyd PG acetal | C22: ='Übersicht Score Index'!C22*Rezepte!AP22 -> 0 | D22: ='Übersicht Score Index'!C22*Rezepte!AQ22 -> 0 | E22: ='Übersicht Score Index'!C22*Rezepte!AR22 -> 0 | F22: ='Übersicht Score Index'!D22*Rezepte!AP22 -> 0 | G22: ='Übersicht Score Index'!D22*Rezepte!AQ22 -> 0 | H22: ='Übersicht Score Index'!D22*Rezepte!AR22 -> 0 | I22: ='Übersicht Score Index'!E22*Rezepte!AP22 -> 0 | J22: ='Übersicht Score Index'!E22*Rezepte!AQ22 -> 0 | K22: ='Übersicht Score Index'!E22*Rezepte!AR22 -> 0 | L22: ='Übersicht Score Index'!F22*Rezepte!AP22 -> 0 | M22: ='Übersicht Score Index'!F22*Rezepte!AQ22 -> 0 | N22: ='Übersicht Score Index'!F22*Rezepte!AR22 -> 0 | O22: ='Übersicht Score Index'!G22*Rezepte!AP22 -> 0 | P22: ='Übersicht Score Index'!G22*Rezepte!AQ22 -> 0 | Q22: ='Übersicht Score Index'!G22*Rezepte!AR22 -> 0 | R22: ='Übersicht Score Index'!H22*Rezepte!AP22 -> 0 | S22: ='Übersicht Score Index'!H22*Rezepte!AQ22 -> 0 | T22: ='Übersicht Score Index'!H22*Rezepte!AR22 -> 0 | U22: ='Übersicht Score Index'!I22*Rezepte!AP22 -> 0 | V22: ='Übersicht Score Index'!I22*Rezepte!AQ22 -> 0 | W22: ='Übersicht Score Index'!I22*Rezepte!AR22 -> 0
A23: 513-86-0 | B23: Acetoin 50% in PG Kosher Halal | C23: ='Übersicht Score Index'!C23*Rezepte!#REF! -> #REF! | D23: ='Übersicht Score Index'!C23*Rezepte!#REF! -> #REF! | E23: ='Übersicht Score Index'!C23*Rezepte!#REF! -> #REF! | F23: ='Übersicht Score Index'!D23*Rezepte!#REF! -> #REF! | G23: ='Übersicht Score Index'!D23*Rezepte!#REF! -> #REF! | H23: ='Übersicht Score Index'!D23*Rezepte!#REF! -> #REF! | I23: ='Übersicht Score Index'!E23*Rezepte!#REF! -> #REF! | J23: ='Übersicht Score Index'!E23*Rezepte!#REF! -> #REF! | K23: ='Übersicht Score Index'!E23*Rezepte!#REF! -> #REF! | L23: ='Übersicht Score Index'!F23*Rezepte!#REF! -> #REF! | M23: ='Übersicht Score Index'!F23*Rezepte!#REF! -> #REF! | N23: ='Übersicht Score Index'!F23*Rezepte!#REF! -> #REF! | O23: ='Übersicht Score Index'!G23*Rezepte!#REF! -> #REF! | P23: ='Übersicht Score Index'!G23*Rezepte!#REF! -> #REF! | Q23: ='Übersicht Score Index'!G23*Rezepte!#REF! -> #REF! | R23: ='Übersicht Score Index'!H23*Rezepte!#REF! -> #REF! | S23: ='Übersicht Score Index'!H23*Rezepte!#REF! -> #REF! | T23: ='Übersicht Score Index'!H23*Rezepte!#REF! -> #REF! | U23: ='Übersicht Score Index'!I23*Rezepte!#REF! -> #REF! | V23: ='Übersicht Score Index'!I23*Rezepte!#REF! -> #REF! | W23: ='Übersicht Score Index'!I23*Rezepte!#REF! -> #REF!
A24: 67-64-1 | B24: Aceton | C24: ='Übersicht Score Index'!C24*Rezepte!AP24 -> 0 | D24: ='Übersicht Score Index'!C24*Rezepte!AQ24 -> 0 | E24: ='Übersicht Score Index'!C24*Rezepte!AR24 -> 0 | F24: ='Übersicht Score Index'!D24*Rezepte!AP24 -> 0 | G24: ='Übersicht Score Index'!D24*Rezepte!AQ24 -> 0 | H24: ='Übersicht Score Index'!D24*Rezepte!AR24 -> 0 | I24: ='Übersicht Score Index'!E24*Rezepte!AP24 -> 0 | J24: ='Übersicht Score Index'!E24*Rezepte!AQ24 -> 0 | K24: ='Übersicht Score Index'!E24*Rezepte!AR24 -> 0 | L24: ='Übersicht Score Index'!F24*Rezepte!AP24 -> 0 | M24: ='Übersicht Score Index'!F24*Rezepte!AQ24 -> 0 | N24: ='Übersicht Score Index'!F24*Rezepte!AR24 -> 0 | O24: ='Übersicht Score Index'!G24*Rezepte!AP24 -> 0 | P24: ='Übersicht Score Index'!G24*Rezepte!AQ24 -> 0 | Q24: ='Übersicht Score Index'!G24*Rezepte!AR24 -> 0 | R24: ='Übersicht Score Index'!H24*Rezepte!AP24 -> 0 | S24: ='Übersicht Score Index'!H24*Rezepte!AQ24 -> 0 | T24: ='Übersicht Score Index'!H24*Rezepte!AR24 -> 0 | U24: ='Übersicht Score Index'!I24*Rezepte!AP24 -> 0 | V24: ='Übersicht Score Index'!I24*Rezepte!AQ24 -> 0 | W24: ='Übersicht Score Index'!I24*Rezepte!AR24 -> 0
A25: 98-86-2 | B25: Acetophenon, natürlich Halal | C25: ='Übersicht Score Index'!C25*Rezepte!AP25 -> 0 | D25: ='Übersicht Score Index'!C25*Rezepte!AQ25 -> 0 | E25: ='Übersicht Score Index'!C25*Rezepte!AR25 -> 0 | F25: ='Übersicht Score Index'!D25*Rezepte!AP25 -> 0 | G25: ='Übersicht Score Index'!D25*Rezepte!AQ25 -> 0 | H25: ='Übersicht Score Index'!D25*Rezepte!AR25 -> 0 | I25: ='Übersicht Score Index'!E25*Rezepte!AP25 -> 0 | J25: ='Übersicht Score Index'!E25*Rezepte!AQ25 -> 0 | K25: ='Übersicht Score Index'!E25*Rezepte!AR25 -> 0 | L25: ='Übersicht Score Index'!F25*Rezepte!AP25 -> 0 | M25: ='Übersicht Score Index'!F25*Rezepte!AQ25 -> 0 | N25: ='Übersicht Score Index'!F25*Rezepte!AR25 -> 0 | O25: ='Übersicht Score Index'!G25*Rezepte!AP25 -> 0 | P25: ='Übersicht Score Index'!G25*Rezepte!AQ25 -> 0 | Q25: ='Übersicht Score Index'!G25*Rezepte!AR25 -> 0 | R25: ='Übersicht Score Index'!H25*Rezepte!AP25 -> 0 | S25: ='Übersicht Score Index'!H25*Rezepte!AQ25 -> 0 | T25: ='Übersicht Score Index'!H25*Rezepte!AR25 -> 0 | U25: ='Übersicht Score Index'!I25*Rezepte!AP25 -> 0 | V25: ='Übersicht Score Index'!I25*Rezepte!AQ25 -> 0 | W25: ='Übersicht Score Index'!I25*Rezepte!AR25 -> 0
A26: 2719-08-6 | B26: Acetyl N-methylanthranilat | C26: ='Übersicht Score Index'!C26*Rezepte!AP26 -> 0 | D26: ='Übersicht Score Index'!C26*Rezepte!AQ26 -> 0 | E26: ='Übersicht Score Index'!C26*Rezepte!AR26 -> 0 | F26: ='Übersicht Score Index'!D26*Rezepte!AP26 -> 0 | G26: ='Übersicht Score Index'!D26*Rezepte!AQ26 -> 0 | H26: ='Übersicht Score Index'!D26*Rezepte!AR26 -> 0 | I26: ='Übersicht Score Index'!E26*Rezepte!AP26 -> 0 | J26: ='Übersicht Score Index'!E26*Rezepte!AQ26 -> 0 | K26: ='Übersicht Score Index'!E26*Rezepte!AR26 -> 0 | L26: ='Übersicht Score Index'!F26*Rezepte!AP26 -> 0 | M26: ='Übersicht Score Index'!F26*Rezepte!AQ26 -> 0 | N26: ='Übersicht Score Index'!F26*Rezepte!AR26 -> 0 | O26: ='Übersicht Score Index'!G26*Rezepte!AP26 -> 0 | P26: ='Übersicht Score Index'!G26*Rezepte!AQ26 -> 0 | Q26: ='Übersicht Score Index'!G26*Rezepte!AR26 -> 0 | R26: ='Übersicht Score Index'!H26*Rezepte!AP26 -> 0 | S26: ='Übersicht Score Index'!H26*Rezepte!AQ26 -> 0 | T26: ='Übersicht Score Index'!H26*Rezepte!AR26 -> 0 | U26: ='Übersicht Score Index'!I26*Rezepte!AP26 -> 0 | V26: ='Übersicht Score Index'!I26*Rezepte!AQ26 -> 0 | W26: ='Übersicht Score Index'!I26*Rezepte!AR26 -> 0
A27: 600-14-6 | B27: Acetylpropionyl Halal | C27: ='Übersicht Score Index'!C27*Rezepte!AP27 -> 0 | D27: ='Übersicht Score Index'!C27*Rezepte!AQ27 -> 0 | E27: ='Übersicht Score Index'!C27*Rezepte!AR27 -> 0 | F27: ='Übersicht Score Index'!D27*Rezepte!AP27 -> 0 | G27: ='Übersicht Score Index'!D27*Rezepte!AQ27 -> 0 | H27: ='Übersicht Score Index'!D27*Rezepte!AR27 -> 0 | I27: ='Übersicht Score Index'!E27*Rezepte!AP27 -> 0 | J27: ='Übersicht Score Index'!E27*Rezepte!AQ27 -> 0 | K27: ='Übersicht Score Index'!E27*Rezepte!AR27 -> 0 | L27: ='Übersicht Score Index'!F27*Rezepte!AP27 -> 0 | M27: ='Übersicht Score Index'!F27*Rezepte!AQ27 -> 0 | N27: ='Übersicht Score Index'!F27*Rezepte!AR27 -> 0 | O27: ='Übersicht Score Index'!G27*Rezepte!AP27 -> 0 | P27: ='Übersicht Score Index'!G27*Rezepte!AQ27 -> 0 | Q27: ='Übersicht Score Index'!G27*Rezepte!AR27 -> 0 | R27: ='Übersicht Score Index'!H27*Rezepte!AP27 -> 0 | S27: ='Übersicht Score Index'!H27*Rezepte!AQ27 -> 0 | T27: ='Übersicht Score Index'!H27*Rezepte!AR27 -> 0 | U27: ='Übersicht Score Index'!I27*Rezepte!AP27 -> 0 | V27: ='Übersicht Score Index'!I27*Rezepte!AQ27 -> 0 | W27: ='Übersicht Score Index'!I27*Rezepte!AR27 -> 0
A28: 123-68-2 | B28: Allylhexanoat, natürlich Halal | C28: ='Übersicht Score Index'!C28*Rezepte!AP28 -> 0 | D28: ='Übersicht Score Index'!C28*Rezepte!AQ28 -> 0 | E28: ='Übersicht Score Index'!C28*Rezepte!AR28 -> 0 | F28: ='Übersicht Score Index'!D28*Rezepte!AP28 -> 0 | G28: ='Übersicht Score Index'!D28*Rezepte!AQ28 -> 0 | H28: ='Übersicht Score Index'!D28*Rezepte!AR28 -> 0 | I28: ='Übersicht Score Index'!E28*Rezepte!AP28 -> 0 | J28: ='Übersicht Score Index'!E28*Rezepte!AQ28 -> 0 | K28: ='Übersicht Score Index'!E28*Rezepte!AR28 -> 0 | L28: ='Übersicht Score Index'!F28*Rezepte!AP28 -> 0 | M28: ='Übersicht Score Index'!F28*Rezepte!AQ28 -> 0 | N28: ='Übersicht Score Index'!F28*Rezepte!AR28 -> 0 | O28: ='Übersicht Score Index'!G28*Rezepte!AP28 -> 0 | P28: ='Übersicht Score Index'!G28*Rezepte!AQ28 -> 0 | Q28: ='Übersicht Score Index'!G28*Rezepte!AR28 -> 0 | R28: ='Übersicht Score Index'!H28*Rezepte!AP28 -> 0 | S28: ='Übersicht Score Index'!H28*Rezepte!AQ28 -> 0 | T28: ='Übersicht Score Index'!H28*Rezepte!AR28 -> 0 | U28: ='Übersicht Score Index'!I28*Rezepte!AP28 -> 0 | V28: ='Übersicht Score Index'!I28*Rezepte!AQ28 -> 0 | W28: ='Übersicht Score Index'!I28*Rezepte!AR28 -> 0
A29: 127-41-3 | B29: alpha-Ionon Halal Kosher | C29: ='Übersicht Score Index'!C29*Rezepte!AP29 -> 0 | D29: ='Übersicht Score Index'!C29*Rezepte!AQ29 -> 0 | E29: ='Übersicht Score Index'!C29*Rezepte!AR29 -> 0 | F29: ='Übersicht Score Index'!D29*Rezepte!AP29 -> 0 | G29: ='Übersicht Score Index'!D29*Rezepte!AQ29 -> 0 | H29: ='Übersicht Score Index'!D29*Rezepte!AR29 -> 0 | I29: ='Übersicht Score Index'!E29*Rezepte!AP29 -> 0 | J29: ='Übersicht Score Index'!E29*Rezepte!AQ29 -> 0 | K29: ='Übersicht Score Index'!E29*Rezepte!AR29 -> 0 | L29: ='Übersicht Score Index'!F29*Rezepte!AP29 -> 0 | M29: ='Übersicht Score Index'!F29*Rezepte!AQ29 -> 0 | N29: ='Übersicht Score Index'!F29*Rezepte!AR29 -> 0 | O29: ='Übersicht Score Index'!G29*Rezepte!AP29 -> 0 | P29: ='Übersicht Score Index'!G29*Rezepte!AQ29 -> 0 | Q29: ='Übersicht Score Index'!G29*Rezepte!AR29 -> 0 | R29: ='Übersicht Score Index'!H29*Rezepte!AP29 -> 0 | S29: ='Übersicht Score Index'!H29*Rezepte!AQ29 -> 0 | T29: ='Übersicht Score Index'!H29*Rezepte!AR29 -> 0 | U29: ='Übersicht Score Index'!I29*Rezepte!AP29 -> 0 | V29: ='Übersicht Score Index'!I29*Rezepte!AQ29 -> 0 | W29: ='Übersicht Score Index'!I29*Rezepte!AR29 -> 0
A30: 79-69-6 | B30: alpha-Iron | C30: ='Übersicht Score Index'!C30*Rezepte!AP30 -> 0 | D30: ='Übersicht Score Index'!C30*Rezepte!AQ30 -> 0 | E30: ='Übersicht Score Index'!C30*Rezepte!AR30 -> 0 | F30: ='Übersicht Score Index'!D30*Rezepte!AP30 -> 0 | G30: ='Übersicht Score Index'!D30*Rezepte!AQ30 -> 0 | H30: ='Übersicht Score Index'!D30*Rezepte!AR30 -> 0 | I30: ='Übersicht Score Index'!E30*Rezepte!AP30 -> 0 | J30: ='Übersicht Score Index'!E30*Rezepte!AQ30 -> 0 | K30: ='Übersicht Score Index'!E30*Rezepte!AR30 -> 0 | L30: ='Übersicht Score Index'!F30*Rezepte!AP30 -> 0 | M30: ='Übersicht Score Index'!F30*Rezepte!AQ30 -> 0 | N30: ='Übersicht Score Index'!F30*Rezepte!AR30 -> 0 | O30: ='Übersicht Score Index'!G30*Rezepte!AP30 -> 0 | P30: ='Übersicht Score Index'!G30*Rezepte!AQ30 -> 0 | Q30: ='Übersicht Score Index'!G30*Rezepte!AR30 -> 0 | R30: ='Übersicht Score Index'!H30*Rezepte!AP30 -> 0 | S30: ='Übersicht Score Index'!H30*Rezepte!AQ30 -> 0 | T30: ='Übersicht Score Index'!H30*Rezepte!AR30 -> 0 | U30: ='Übersicht Score Index'!I30*Rezepte!AP30 -> 0 | V30: ='Übersicht Score Index'!I30*Rezepte!AQ30 -> 0 | W30: ='Übersicht Score Index'!I30*Rezepte!AR30 -> 0
A31: 98-55-5 | B31: alpha-Terpineol Kosher Halal | C31: ='Übersicht Score Index'!C31*Rezepte!AP31 -> 0 | D31: ='Übersicht Score Index'!C31*Rezepte!AQ31 -> 0 | E31: ='Übersicht Score Index'!C31*Rezepte!AR31 -> 0 | F31: ='Übersicht Score Index'!D31*Rezepte!AP31 -> 0 | G31: ='Übersicht Score Index'!D31*Rezepte!AQ31 -> 0 | H31: ='Übersicht Score Index'!D31*Rezepte!AR31 -> 0 | I31: ='Übersicht Score Index'!E31*Rezepte!AP31 -> 0 | J31: ='Übersicht Score Index'!E31*Rezepte!AQ31 -> 0 | K31: ='Übersicht Score Index'!E31*Rezepte!AR31 -> 0 | L31: ='Übersicht Score Index'!F31*Rezepte!AP31 -> 0 | M31: ='Übersicht Score Index'!F31*Rezepte!AQ31 -> 0 | N31: ='Übersicht Score Index'!F31*Rezepte!AR31 -> 0 | O31: ='Übersicht Score Index'!G31*Rezepte!AP31 -> 0 | P31: ='Übersicht Score Index'!G31*Rezepte!AQ31 -> 0 | Q31: ='Übersicht Score Index'!G31*Rezepte!AR31 -> 0 | R31: ='Übersicht Score Index'!H31*Rezepte!AP31 -> 0 | S31: ='Übersicht Score Index'!H31*Rezepte!AQ31 -> 0 | T31: ='Übersicht Score Index'!H31*Rezepte!AR31 -> 0 | U31: ='Übersicht Score Index'!I31*Rezepte!AP31 -> 0 | V31: ='Übersicht Score Index'!I31*Rezepte!AQ31 -> 0 | W31: ='Übersicht Score Index'!I31*Rezepte!AR31 -> 0
A32: 64-18-6 | B32: Ameisensäure 80%, natürlich Kosher, Halal | C32: ='Übersicht Score Index'!C32*Rezepte!AP32 -> 0.0029340366 | D32: ='Übersicht Score Index'!C32*Rezepte!AQ32 -> 0.0014670183 | E32: ='Übersicht Score Index'!C32*Rezepte!AR32 -> 0.0014670183 | F32: ='Übersicht Score Index'!D32*Rezepte!AP32 -> 0 | G32: ='Übersicht Score Index'!D32*Rezepte!AQ32 -> 0 | H32: ='Übersicht Score Index'!D32*Rezepte!AR32 -> 0 | I32: ='Übersicht Score Index'!E32*Rezepte!AP32 -> 0 | J32: ='Übersicht Score Index'!E32*Rezepte!AQ32 -> 0 | K32: ='Übersicht Score Index'!E32*Rezepte!AR32 -> 0 | L32: ='Übersicht Score Index'!F32*Rezepte!AP32 -> 0 | M32: ='Übersicht Score Index'!F32*Rezepte!AQ32 -> 0 | N32: ='Übersicht Score Index'!F32*Rezepte!AR32 -> 0 | O32: ='Übersicht Score Index'!G32*Rezepte!AP32 -> 0.00029340366 | P32: ='Übersicht Score Index'!G32*Rezepte!AQ32 -> 0.00014670183 | Q32: ='Übersicht Score Index'!G32*Rezepte!AR32 -> 0.00014670183 | R32: ='Übersicht Score Index'!H32*Rezepte!AP32 -> 0.00029340366 | S32: ='Übersicht Score Index'!H32*Rezepte!AQ32 -> 0.00014670183 | T32: ='Übersicht Score Index'!H32*Rezepte!AR32 -> 0.00014670183 | U32: ='Übersicht Score Index'!I32*Rezepte!AP32 -> 0.00029340366 | V32: ='Übersicht Score Index'!I32*Rezepte!AQ32 -> 0.00014670183 | W32: ='Übersicht Score Index'!I32*Rezepte!AR32 -> 0.00014670183
A33: 540-18-1 | B33: Amylbutyrat | C33: ='Übersicht Score Index'!C33*Rezepte!AP33 -> 0 | D33: ='Übersicht Score Index'!C33*Rezepte!AQ33 -> 0 | E33: ='Übersicht Score Index'!C33*Rezepte!AR33 -> 0 | F33: ='Übersicht Score Index'!D33*Rezepte!AP33 -> 0 | G33: ='Übersicht Score Index'!D33*Rezepte!AQ33 -> 0 | H33: ='Übersicht Score Index'!D33*Rezepte!AR33 -> 0 | I33: ='Übersicht Score Index'!E33*Rezepte!AP33 -> 0 | J33: ='Übersicht Score Index'!E33*Rezepte!AQ33 -> 0 | K33: ='Übersicht Score Index'!E33*Rezepte!AR33 -> 0 | L33: ='Übersicht Score Index'!F33*Rezepte!AP33 -> 0 | M33: ='Übersicht Score Index'!F33*Rezepte!AQ33 -> 0 | N33: ='Übersicht Score Index'!F33*Rezepte!AR33 -> 0 | O33: ='Übersicht Score Index'!G33*Rezepte!AP33 -> 0 | P33: ='Übersicht Score Index'!G33*Rezepte!AQ33 -> 0 | Q33: ='Übersicht Score Index'!G33*Rezepte!AR33 -> 0 | R33: ='Übersicht Score Index'!H33*Rezepte!AP33 -> 0 | S33: ='Übersicht Score Index'!H33*Rezepte!AQ33 -> 0 | T33: ='Übersicht Score Index'!H33*Rezepte!AR33 -> 0 | U33: ='Übersicht Score Index'!I33*Rezepte!AP33 -> 0 | V33: ='Übersicht Score Index'!I33*Rezepte!AQ33 -> 0 | W33: ='Übersicht Score Index'!I33*Rezepte!AR33 -> 0
A34: 123-11-5 | B34: Anisaldehyd Halal | C34: ='Übersicht Score Index'!C34*Rezepte!AP34 -> 0 | D34: ='Übersicht Score Index'!C34*Rezepte!AQ34 -> 0 | E34: ='Übersicht Score Index'!C34*Rezepte!AR34 -> 0 | F34: ='Übersicht Score Index'!D34*Rezepte!AP34 -> 0 | G34: ='Übersicht Score Index'!D34*Rezepte!AQ34 -> 0 | H34: ='Übersicht Score Index'!D34*Rezepte!AR34 -> 0 | I34: ='Übersicht Score Index'!E34*Rezepte!AP34 -> 0 | J34: ='Übersicht Score Index'!E34*Rezepte!AQ34 -> 0 | K34: ='Übersicht Score Index'!E34*Rezepte!AR34 -> 0 | L34: ='Übersicht Score Index'!F34*Rezepte!AP34 -> 0 | M34: ='Übersicht Score Index'!F34*Rezepte!AQ34 -> 0 | N34: ='Übersicht Score Index'!F34*Rezepte!AR34 -> 0 | O34: ='Übersicht Score Index'!G34*Rezepte!AP34 -> 0 | P34: ='Übersicht Score Index'!G34*Rezepte!AQ34 -> 0 | Q34: ='Übersicht Score Index'!G34*Rezepte!AR34 -> 0 | R34: ='Übersicht Score Index'!H34*Rezepte!AP34 -> 0 | S34: ='Übersicht Score Index'!H34*Rezepte!AQ34 -> 0 | T34: ='Übersicht Score Index'!H34*Rezepte!AR34 -> 0 | U34: ='Übersicht Score Index'!I34*Rezepte!AP34 -> 0 | V34: ='Übersicht Score Index'!I34*Rezepte!AQ34 -> 0 | W34: ='Übersicht Score Index'!I34*Rezepte!AR34 -> 0
A35: 104-21-2 | B35: Anisylacetat Halal | C35: ='Übersicht Score Index'!C35*Rezepte!AP35 -> 0 | D35: ='Übersicht Score Index'!C35*Rezepte!AQ35 -> 0 | E35: ='Übersicht Score Index'!C35*Rezepte!AR35 -> 0 | F35: ='Übersicht Score Index'!D35*Rezepte!AP35 -> 0 | G35: ='Übersicht Score Index'!D35*Rezepte!AQ35 -> 0 | H35: ='Übersicht Score Index'!D35*Rezepte!AR35 -> 0 | I35: ='Übersicht Score Index'!E35*Rezepte!AP35 -> 0 | J35: ='Übersicht Score Index'!E35*Rezepte!AQ35 -> 0 | K35: ='Übersicht Score Index'!E35*Rezepte!AR35 -> 0 | L35: ='Übersicht Score Index'!F35*Rezepte!AP35 -> 0 | M35: ='Übersicht Score Index'!F35*Rezepte!AQ35 -> 0 | N35: ='Übersicht Score Index'!F35*Rezepte!AR35 -> 0 | O35: ='Übersicht Score Index'!G35*Rezepte!AP35 -> 0 | P35: ='Übersicht Score Index'!G35*Rezepte!AQ35 -> 0 | Q35: ='Übersicht Score Index'!G35*Rezepte!AR35 -> 0 | R35: ='Übersicht Score Index'!H35*Rezepte!AP35 -> 0 | S35: ='Übersicht Score Index'!H35*Rezepte!AQ35 -> 0 | T35: ='Übersicht Score Index'!H35*Rezepte!AR35 -> 0 | U35: ='Übersicht Score Index'!I35*Rezepte!AP35 -> 0 | V35: ='Übersicht Score Index'!I35*Rezepte!AQ35 -> 0 | W35: ='Übersicht Score Index'!I35*Rezepte!AR35 -> 0
... A79: 10191-41-0 | B79: DL-Alpha-Tocopherol Halal | C79: ='Übersicht Score Index'!C79*Rezepte!AP79 -> 0 | D79: ='Übersicht Score Index'!C79*Rezepte!AQ79 -> 0 | E79: ='Übersicht Score Index'!C79*Rezepte!AR79 -> 0 | F79: ='Übersicht Score Index'!D79*Rezepte!AP79 -> 0 | G79: ='Übersicht Score Index'!D79*Rezepte!AQ79 -> 0 | H79: ='Übersicht Score Index'!D79*Rezepte!AR79 -> 0 | I79: ='Übersicht Score Index'!E79*Rezepte!AP79 -> 0 | J79: ='Übersicht Score Index'!E79*Rezepte!AQ79 -> 0 | K79: ='Übersicht Score Index'!E79*Rezepte!AR79 -> 0 | L79: ='Übersicht Score Index'!F79*Rezepte!AP79 -> 0 | M79: ='Übersicht Score Index'!F79*Rezepte!AQ79 -> 0 | N79: ='Übersicht Score Index'!F79*Rezepte!AR79 -> 0 | O79: ='Übersicht Score Index'!G79*Rezepte!AP79 -> 0 | P79: ='Übersicht Score Index'!G79*Rezepte!AQ79 -> 0 | Q79: ='Übersicht Score Index'!G79*Rezepte!AR79 -> 0 | R79: ='Übersicht Score Index'!H79*Rezepte!AP79 -> 0 | S79: ='Übersicht Score Index'!H79*Rezepte!AQ79 -> 0 | T79: ='Übersicht Score Index'!H79*Rezepte!AR79 -> 0 | U79: ='Übersicht Score Index'!I79*Rezepte!AP79 -> 0 | V79: ='Übersicht Score Index'!I79*Rezepte!AQ79 -> 0 | W79: ='Übersicht Score Index'!I79*Rezepte!AR79 -> 0
A80: 64-19-7 | B80: Essigsäure Halal Kosher | C80: ='Übersicht Score Index'!C81*Rezepte!AP81 -> 0.12085436 | D80: ='Übersicht Score Index'!C81*Rezepte!AQ81 -> 0.060427182 | E80: ='Übersicht Score Index'!C81*Rezepte!AR81 -> 0.060427182 | F80: ='Übersicht Score Index'!D81*Rezepte!AP81 -> 0 | G80: ='Übersicht Score Index'!D81*Rezepte!AQ81 -> 0 | H80: ='Übersicht Score Index'!D81*Rezepte!AR81 -> 0 | I80: ='Übersicht Score Index'!E81*Rezepte!AP81 -> 0 | J80: ='Übersicht Score Index'!E81*Rezepte!AQ81 -> 0 | K80: ='Übersicht Score Index'!E81*Rezepte!AR81 -> 0 | L80: ='Übersicht Score Index'!F81*Rezepte!AP81 -> 0 | M80: ='Übersicht Score Index'!F81*Rezepte!AQ81 -> 0 | N80: ='Übersicht Score Index'!F81*Rezepte!AR81 -> 0 | O80: ='Übersicht Score Index'!G81*Rezepte!AP81 -> 0.12085436 | P80: ='Übersicht Score Index'!G81*Rezepte!AQ81 -> 0.060427182 | Q80: ='Übersicht Score Index'!G81*Rezepte!AR81 -> 0.060427182 | R80: ='Übersicht Score Index'!H81*Rezepte!AP81 -> 0.12085436 | S80: ='Übersicht Score Index'!H81*Rezepte!AQ81 -> 0.060427182 | T80: ='Übersicht Score Index'!H81*Rezepte!AR81 -> 0.060427182 | U80: ='Übersicht Score Index'!I81*Rezepte!AP81 -> 0 | V80: ='Übersicht Score Index'!I81*Rezepte!AQ81 -> 0 | W80: ='Übersicht Score Index'!I81*Rezepte!AR81 -> 0
A81: 7452-79-1 | B81: Ethyl-2-methylbutyrat Kosher Halal | C81: ='Übersicht Score Index'!C82*Rezepte!AP82 -> 0 | D81: ='Übersicht Score Index'!C82*Rezepte!AQ82 -> 0 | E81: ='Übersicht Score Index'!C82*Rezepte!AR82 -> 0 | F81: ='Übersicht Score Index'!D82*Rezepte!AP82 -> 0 | G81: ='Übersicht Score Index'!D82*Rezepte!AQ82 -> 0 | H81: ='Übersicht Score Index'!D82*Rezepte!AR82 -> 0 | I81: ='Übersicht Score Index'!E82*Rezepte!AP82 -> 0.20685234 | J81: ='Übersicht Score Index'!E82*Rezepte!AQ82 -> 0.10342617 | K81: ='Übersicht Score Index'!E82*Rezepte!AR82 -> 0.10342617 | L81: ='Übersicht Score Index'!F82*Rezepte!AP82 -> 0 | M81: ='Übersicht Score Index'!F82*Rezepte!AQ82 -> 0 | N81: ='Übersicht Score Index'!F82*Rezepte!AR82 -> 0 | O81: ='Übersicht Score Index'!G82*Rezepte!AP82 -> 0 | P81: ='Übersicht Score Index'!G82*Rezepte!AQ82 -> 0 | Q81: ='Übersicht Score Index'!G82*Rezepte!AR82 -> 0 | R81: ='Übersicht Score Index'!H82*Rezepte!AP82 -> 0 | S81: ='Übersicht Score Index'!H82*Rezepte!AQ82 -> 0 | T81: ='Übersicht Score Index'!H82*Rezepte!AR82 -> 0 | U81: ='Übersicht Score Index'!I82*Rezepte!AP82 -> 0 | V81: ='Übersicht Score Index'!I82*Rezepte!AQ82 -> 0 | W81: ='Übersicht Score Index'!I82*Rezepte!AR82 -> 0
A82: 141-78-6 | B82: Ethylacetat Kosher Halal | C82: ='Übersicht Score Index'!C83*Rezepte!AP83 -> 0 | D82: ='Übersicht Score Index'!C83*Rezepte!AQ83 -> 0 | E82: ='Übersicht Score Index'!C83*Rezepte!AR83 -> 0 | F82: ='Übersicht Score Index'!D83*Rezepte!AP83 -> 0 | G82: ='Übersicht Score Index'!D83*Rezepte!AQ83 -> 0 | H82: ='Übersicht Score Index'!D83*Rezepte!AR83 -> 0 | I82: ='Übersicht Score Index'!E83*Rezepte!AP83 -> 0 | J82: ='Übersicht Score Index'!E83*Rezepte!AQ83 -> 0 | K82: ='Übersicht Score Index'!E83*Rezepte!AR83 -> 0 | L82: ='Übersicht Score Index'!F83*Rezepte!AP83 -> 0 | M82: ='Übersicht Score Index'!F83*Rezepte!AQ83 -> 0 | N82: ='Übersicht Score Index'!F83*Rezepte!AR83 -> 0 | O82: ='Übersicht Score Index'!G83*Rezepte!AP83 -> 0 | P82: ='Übersicht Score Index'!G83*Rezepte!AQ83 -> 0 | Q82: ='Übersicht Score Index'!G83*Rezepte!AR83 -> 0 | R82: ='Übersicht Score Index'!H83*Rezepte!AP83 -> 0 | S82: ='Übersicht Score Index'!H83*Rezepte!AQ83 -> 0 | T82: ='Übersicht Score Index'!H83*Rezepte!AR83 -> 0 | U82: ='Übersicht Score Index'!I83*Rezepte!AP83 -> 0 | V82: ='Übersicht Score Index'!I83*Rezepte!AQ83 -> 0 | W82: ='Übersicht Score Index'!I83*Rezepte!AR83 -> 0
A83: 141-97-9 | B83: Ethylacetoacetat Halal | C83: ='Übersicht Score Index'!C84*Rezepte!AP84 -> 0 | D83: ='Übersicht Score Index'!C84*Rezepte!AQ84 -> 0 | E83: ='Übersicht Score Index'!C84*Rezepte!AR84 -> 0 | F83: ='Übersicht Score Index'!D84*Rezepte!AP84 -> 0 | G83: ='Übersicht Score Index'!D84*Rezepte!AQ84 -> 0 | H83: ='Übersicht Score Index'!D84*Rezepte!AR84 -> 0 | I83: ='Übersicht Score Index'!E84*Rezepte!AP84 -> 0 | J83: ='Übersicht Score Index'!E84*Rezepte!AQ84 -> 0 | K83: ='Übersicht Score Index'!E84*Rezepte!AR84 -> 0 | L83: ='Übersicht Score Index'!F84*Rezepte!AP84 -> 0 | M83: ='Übersicht Score Index'!F84*Rezepte!AQ84 -> 0 | N83: ='Übersicht Score Index'!F84*Rezepte!AR84 -> 0 | O83: ='Übersicht Score Index'!G84*Rezepte!AP84 -> 0 | P83: ='Übersicht Score Index'!G84*Rezepte!AQ84 -> 0 | Q83: ='Übersicht Score Index'!G84*Rezepte!AR84 -> 0 | R83: ='Übersicht Score Index'!H84*Rezepte!AP84 -> 0 | S83: ='Übersicht Score Index'!H84*Rezepte!AQ84 -> 0 | T83: ='Übersicht Score Index'!H84*Rezepte!AR84 -> 0 | U83: ='Übersicht Score Index'!I84*Rezepte!AP84 -> 0 | V83: ='Übersicht Score Index'!I84*Rezepte!AQ84 -> 0 | W83: ='Übersicht Score Index'!I84*Rezepte!AR84 -> 0
A84: 93-89-0 | B84: Ethylbenzoat | C84: ='Übersicht Score Index'!C85*Rezepte!AP85 -> 0 | D84: ='Übersicht Score Index'!C85*Rezepte!AQ85 -> 0 | E84: ='Übersicht Score Index'!C85*Rezepte!AR85 -> 0 | F84: ='Übersicht Score Index'!D85*Rezepte!AP85 -> 0 | G84: ='Übersicht Score Index'!D85*Rezepte!AQ85 -> 0 | H84: ='Übersicht Score Index'!D85*Rezepte!AR85 -> 0 | I84: ='Übersicht Score Index'!E85*Rezepte!AP85 -> 0 | J84: ='Übersicht Score Index'!E85*Rezepte!AQ85 -> 0 | K84: ='Übersicht Score Index'!E85*Rezepte!AR85 -> 0 | L84: ='Übersicht Score Index'!F85*Rezepte!AP85 -> 0 | M84: ='Übersicht Score Index'!F85*Rezepte!AQ85 -> 0 | N84: ='Übersicht Score Index'!F85*Rezepte!AR85 -> 0 | O84: ='Übersicht Score Index'!G85*Rezepte!AP85 -> 0 | P84: ='Übersicht Score Index'!G85*Rezepte!AQ85 -> 0 | Q84: ='Übersicht Score Index'!G85*Rezepte!AR85 -> 0 | R84: ='Übersicht Score Index'!H85*Rezepte!AP85 -> 0 | S84: ='Übersicht Score Index'!H85*Rezepte!AQ85 -> 0 | T84: ='Übersicht Score Index'!H85*Rezepte!AR85 -> 0 | U84: ='Übersicht Score Index'!I85*Rezepte!AP85 -> 0 | V84: ='Übersicht Score Index'!I85*Rezepte!AQ85 -> 0 | W84: ='Übersicht Score Index'!I85*Rezepte!AR85 -> 0
A85: 105-54-4 | B85: Ethylbutyrat Kosher Halal | C85: ='Übersicht Score Index'!C86*Rezepte!AP86 -> 0 | D85: ='Übersicht Score Index'!C86*Rezepte!AQ86 -> 0 | E85: ='Übersicht Score Index'!C86*Rezepte!AR86 -> 0 | F85: ='Übersicht Score Index'!D86*Rezepte!AP86 -> 0 | G85: ='Übersicht Score Index'!D86*Rezepte!AQ86 -> 0 | H85: ='Übersicht Score Index'!D86*Rezepte!AR86 -> 0 | I85: ='Übersicht Score Index'!E86*Rezepte!AP86 -> 0.39712664 | J85: ='Übersicht Score Index'!E86*Rezepte!AQ86 -> 0.19856332 | K85: ='Übersicht Score Index'!E86*Rezepte!AR86 -> 0.19856332 | L85: ='Übersicht Score Index'!F86*Rezepte!AP86 -> 0 | M85: ='Übersicht Score Index'!F86*Rezepte!AQ86 -> 0 | N85: ='Übersicht Score Index'!F86*Rezepte!AR86 -> 0 | O85: ='Übersicht Score Index'!G86*Rezepte!AP86 -> 0 | P85: ='Übersicht Score Index'!G86*Rezepte!AQ86 -> 0 | Q85: ='Übersicht Score Index'!G86*Rezepte!AR86 -> 0 | R85: ='Übersicht Score Index'!H86*Rezepte!AP86 -> 0 | S85: ='Übersicht Score Index'!H86*Rezepte!AQ86 -> 0 | T85: ='Übersicht Score Index'!H86*Rezepte!AR86 -> 0 | U85: ='Übersicht Score Index'!I86*Rezepte!AP86 -> 0 | V85: ='Übersicht Score Index'!I86*Rezepte!AQ86 -> 0 | W85: ='Übersicht Score Index'!I86*Rezepte!AR86 -> 0
A86: 103-36-6 | B86: Ethylcinnamat Halal | C86: ='Übersicht Score Index'!C87*Rezepte!AP87 -> 0 | D86: ='Übersicht Score Index'!C87*Rezepte!AQ87 -> 0 | E86: ='Übersicht Score Index'!C87*Rezepte!AR87 -> 0 | F86: ='Übersicht Score Index'!D87*Rezepte!AP87 -> 0 | G86: ='Übersicht Score Index'!D87*Rezepte!AQ87 -> 0 | H86: ='Übersicht Score Index'!D87*Rezepte!AR87 -> 0 | I86: ='Übersicht Score Index'!E87*Rezepte!AP87 -> 0 | J86: ='Übersicht Score Index'!E87*Rezepte!AQ87 -> 0 | K86: ='Übersicht Score Index'!E87*Rezepte!AR87 -> 0 | L86: ='Übersicht Score Index'!F87*Rezepte!AP87 -> 0 | M86: ='Übersicht Score Index'!F87*Rezepte!AQ87 -> 0 | N86: ='Übersicht Score Index'!F87*Rezepte!AR87 -> 0 | O86: ='Übersicht Score Index'!G87*Rezepte!AP87 -> 0 | P86: ='Übersicht Score Index'!G87*Rezepte!AQ87 -> 0 | Q86: ='Übersicht Score Index'!G87*Rezepte!AR87 -> 0 | R86: ='Übersicht Score Index'!H87*Rezepte!AP87 -> 0 | S86: ='Übersicht Score Index'!H87*Rezepte!AQ87 -> 0 | T86: ='Übersicht Score Index'!H87*Rezepte!AR87 -> 0 | U86: ='Übersicht Score Index'!I87*Rezepte!AP87 -> 0 | V86: ='Übersicht Score Index'!I87*Rezepte!AQ87 -> 0 | W86: ='Übersicht Score Index'!I87*Rezepte!AR87 -> 0
A87: 110-38-3 | B87: Ethyldecanoat Halal | C87: ='Übersicht Score Index'!C88*Rezepte!AP88 -> 0 | D87: ='Übersicht Score Index'!C88*Rezepte!AQ88 -> 0 | E87: ='Übersicht Score Index'!C88*Rezepte!AR88 -> 0 | F87: ='Übersicht Score Index'!D88*Rezepte!AP88 -> 0 | G87: ='Übersicht Score Index'!D88*Rezepte!AQ88 -> 0 | H87: ='Übersicht Score Index'!D88*Rezepte!AR88 -> 0 | I87: ='Übersicht Score Index'!E88*Rezepte!AP88 -> 0 | J87: ='Übersicht Score Index'!E88*Rezepte!AQ88 -> 0 | K87: ='Übersicht Score Index'!E88*Rezepte!AR88 -> 0 | L87: ='Übersicht Score Index'!F88*Rezepte!AP88 -> 0 | M87: ='Übersicht Score Index'!F88*Rezepte!AQ88 -> 0 | N87: ='Übersicht Score Index'!F88*Rezepte!AR88 -> 0 | O87: ='Übersicht Score Index'!G88*Rezepte!AP88 -> 0 | P87: ='Übersicht Score Index'!G88*Rezepte!AQ88 -> 0 | Q87: ='Übersicht Score Index'!G88*Rezepte!AR88 -> 0 | R87: ='Übersicht Score Index'!H88*Rezepte!AP88 -> 0 | S87: ='Übersicht Score Index'!H88*Rezepte!AQ88 -> 0 | T87: ='Übersicht Score Index'!H88*Rezepte!AR88 -> 0 | U87: ='Übersicht Score Index'!I88*Rezepte!AP88 -> 0 | V87: ='Übersicht Score Index'!I88*Rezepte!AQ88 -> 0 | W87: ='Übersicht Score Index'!I88*Rezepte!AR88 -> 0
A88: 109-94-4 | B88: Ethylformiat Halal | C88: ='Übersicht Score Index'!C89*Rezepte!AP89 -> 0 | D88: ='Übersicht Score Index'!C89*Rezepte!AQ89 -> 0 | E88: ='Übersicht Score Index'!C89*Rezepte!AR89 -> 0 | F88: ='Übersicht Score Index'!D89*Rezepte!AP89 -> 0 | G88: ='Übersicht Score Index'!D89*Rezepte!AQ89 -> 0 | H88: ='Übersicht Score Index'!D89*Rezepte!AR89 -> 0 | I88: ='Übersicht Score Index'!E89*Rezepte!AP89 -> 0 | J88: ='Übersicht Score Index'!E89*Rezepte!AQ89 -> 0 | K88: ='Übersicht Score Index'!E89*Rezepte!AR89 -> 0 | L88: ='Übersicht Score Index'!F89*Rezepte!AP89 -> 0 | M88: ='Übersicht Score Index'!F89*Rezepte!AQ89 -> 0 | N88: ='Übersicht Score Index'!F89*Rezepte!AR89 -> 0 | O88: ='Übersicht Score Index'!G89*Rezepte!AP89 -> 0 | P88: ='Übersicht Score Index'!G89*Rezepte!AQ89 -> 0 | Q88: ='Übersicht Score Index'!G89*Rezepte!AR89 -> 0 | R88: ='Übersicht Score Index'!H89*Rezepte!AP89 -> 0 | S88: ='Übersicht Score Index'!H89*Rezepte!AQ89 -> 0 | T88: ='Übersicht Score Index'!H89*Rezepte!AR89 -> 0 | U88: ='Übersicht Score Index'!I89*Rezepte!AP89 -> 0 | V88: ='Übersicht Score Index'!I89*Rezepte!AQ89 -> 0 | W88: ='Übersicht Score Index'!I89*Rezepte!AR89 -> 0
A89: 27538-09-6 | B89: Ethylfuraneol Kosher Halal | C89: ='Übersicht Score Index'!C90*Rezepte!AP90 -> 0 | D89: ='Übersicht Score Index'!C90*Rezepte!AQ90 -> 0 | E89: ='Übersicht Score Index'!C90*Rezepte!AR90 -> 0 | F89: ='Übersicht Score Index'!D90*Rezepte!AP90 -> 0 | G89: ='Übersicht Score Index'!D90*Rezepte!AQ90 -> 0 | H89: ='Übersicht Score Index'!D90*Rezepte!AR90 -> 0 | I89: ='Übersicht Score Index'!E90*Rezepte!AP90 -> 0 | J89: ='Übersicht Score Index'!E90*Rezepte!AQ90 -> 0 | K89: ='Übersicht Score Index'!E90*Rezepte!AR90 -> 0 | L89: ='Übersicht Score Index'!F90*Rezepte!AP90 -> 0 | M89: ='Übersicht Score Index'!F90*Rezepte!AQ90 -> 0 | N89: ='Übersicht Score Index'!F90*Rezepte!AR90 -> 0 | O89: ='Übersicht Score Index'!G90*Rezepte!AP90 -> 0 | P89: ='Übersicht Score Index'!G90*Rezepte!AQ90 -> 0 | Q89: ='Übersicht Score Index'!G90*Rezepte!AR90 -> 0 | R89: ='Übersicht Score Index'!H90*Rezepte!AP90 -> 0 | S89: ='Übersicht Score Index'!H90*Rezepte!AQ90 -> 0 | T89: ='Übersicht Score Index'!H90*Rezepte!AR90 -> 0 | U89: ='Übersicht Score Index'!I90*Rezepte!AP90 -> 0 | V89: ='Übersicht Score Index'!I90*Rezepte!AQ90 -> 0 | W89: ='Übersicht Score Index'!I90*Rezepte!AR90 -> 0
A90: 106-30-9 | B90: Ethylheptanoat | C90: ='Übersicht Score Index'!C91*Rezepte!AP91 -> 0 | D90: ='Übersicht Score Index'!C91*Rezepte!AQ91 -> 0 | E90: ='Übersicht Score Index'!C91*Rezepte!AR91 -> 0 | F90: ='Übersicht Score Index'!D91*Rezepte!AP91 -> 0 | G90: ='Übersicht Score Index'!D91*Rezepte!AQ91 -> 0 | H90: ='Übersicht Score Index'!D91*Rezepte!AR91 -> 0 | I90: ='Übersicht Score Index'!E91*Rezepte!AP91 -> 0 | J90: ='Übersicht Score Index'!E91*Rezepte!AQ91 -> 0 | K90: ='Übersicht Score Index'!E91*Rezepte!AR91 -> 0 | L90: ='Übersicht Score Index'!F91*Rezepte!AP91 -> 0 | M90: ='Übersicht Score Index'!F91*Rezepte!AQ91 -> 0 | N90: ='Übersicht Score Index'!F91*Rezepte!AR91 -> 0 | O90: ='Übersicht Score Index'!G91*Rezepte!AP91 -> 0 | P90: ='Übersicht Score Index'!G91*Rezepte!AQ91 -> 0 | Q90: ='Übersicht Score Index'!G91*Rezepte!AR91 -> 0 | R90: ='Übersicht Score Index'!H91*Rezepte!AP91 -> 0 | S90: ='Übersicht Score Index'!H91*Rezepte!AQ91 -> 0 | T90: ='Übersicht Score Index'!H91*Rezepte!AR91 -> 0 | U90: ='Übersicht Score Index'!I91*Rezepte!AP91 -> 0 | V90: ='Übersicht Score Index'!I91*Rezepte!AQ91 -> 0 | W90: ='Übersicht Score Index'!I91*Rezepte!AR91 -> 0
A91: 123-66-0 | B91: Ethylhexanoat Halal | C91: ='Übersicht Score Index'!C92*Rezepte!AP92 -> 0 | D91: ='Übersicht Score Index'!C92*Rezepte!AQ92 -> 0 | E91: ='Übersicht Score Index'!C92*Rezepte!AR92 -> 0 | F91: ='Übersicht Score Index'!D92*Rezepte!AP92 -> 0 | G91: ='Übersicht Score Index'!D92*Rezepte!AQ92 -> 0 | H91: ='Übersicht Score Index'!D92*Rezepte!AR92 -> 0 | I91: ='Übersicht Score Index'!E92*Rezepte!AP92 -> 0.25290518 | J91: ='Übersicht Score Index'!E92*Rezepte!AQ92 -> 0.12645259 | K91: ='Übersicht Score Index'!E92*Rezepte!AR92 -> 0.12645259 | L91: ='Übersicht Score Index'!F92*Rezepte!AP92 -> 0 | M91: ='Übersicht Score Index'!F92*Rezepte!AQ92 -> 0 | N91: ='Übersicht Score Index'!F92*Rezepte!AR92 -> 0 | O91: ='Übersicht Score Index'!G92*Rezepte!AP92 -> 0 | P91: ='Übersicht Score Index'!G92*Rezepte!AQ92 -> 0 | Q91: ='Übersicht Score Index'!G92*Rezepte!AR92 -> 0 | R91: ='Übersicht Score Index'!H92*Rezepte!AP92 -> 0 | S91: ='Übersicht Score Index'!H92*Rezepte!AQ92 -> 0 | T91: ='Übersicht Score Index'!H92*Rezepte!AR92 -> 0 | U91: ='Übersicht Score Index'!I92*Rezepte!AP92 -> 0 | V91: ='Übersicht Score Index'!I92*Rezepte!AQ92 -> 0 | W91: ='Übersicht Score Index'!I92*Rezepte!AR92 -> 0
... A123: 111-27-3 | B123: Hexanol Kosher Halal | C123: ='Übersicht Score Index'!C124*Rezepte!AP124 -> 0 | D123: ='Übersicht Score Index'!C124*Rezepte!AQ124 -> 0 | E123: ='Übersicht Score Index'!C124*Rezepte!AR124 -> 0 | F123: ='Übersicht Score Index'!D124*Rezepte!AP124 -> 0 | G123: ='Übersicht Score Index'!D124*Rezepte!AQ124 -> 0 | H123: ='Übersicht Score Index'!D124*Rezepte!AR124 -> 0 | I123: ='Übersicht Score Index'!E124*Rezepte!AP124 -> 0 | J123: ='Übersicht Score Index'!E124*Rezepte!AQ124 -> 0 | K123: ='Übersicht Score Index'!E124*Rezepte!AR124 -> 0 | L123: ='Übersicht Score Index'!F124*Rezepte!AP124 -> 0 | M123: ='Übersicht Score Index'!F124*Rezepte!AQ124 -> 0 | N123: ='Übersicht Score Index'!F124*Rezepte!AR124 -> 0 | O123: ='Übersicht Score Index'!G124*Rezepte!AP124 -> 0 | P123: ='Übersicht Score Index'!G124*Rezepte!AQ124 -> 0 | Q123: ='Übersicht Score Index'!G124*Rezepte!AR124 -> 0 | R123: ='Übersicht Score Index'!H124*Rezepte!AP124 -> 0 | S123: ='Übersicht Score Index'!H124*Rezepte!AQ124 -> 0 | T123: ='Übersicht Score Index'!H124*Rezepte!AR124 -> 0 | U123: ='Übersicht Score Index'!I124*Rezepte!AP124 -> 0 | V123: ='Übersicht Score Index'!I124*Rezepte!AQ124 -> 0 | W123: ='Übersicht Score Index'!I124*Rezepte!AR124 -> 0
B124: Hexansäure mild | C124: ='Übersicht Score Index'!C125*Rezepte!AP125 -> 0.17045355 | D124: ='Übersicht Score Index'!C125*Rezepte!AQ125 -> 0.085226777 | E124: ='Übersicht Score Index'!C125*Rezepte!AR125 -> 0.085226777 | F124: ='Übersicht Score Index'!D125*Rezepte!AP125 -> 0 | G124: ='Übersicht Score Index'!D125*Rezepte!AQ125 -> 0 | H124: ='Übersicht Score Index'!D125*Rezepte!AR125 -> 0 | I124: ='Übersicht Score Index'!E125*Rezepte!AP125 -> 0 | J124: ='Übersicht Score Index'!E125*Rezepte!AQ125 -> 0 | K124: ='Übersicht Score Index'!E125*Rezepte!AR125 -> 0 | L124: ='Übersicht Score Index'!F125*Rezepte!AP125 -> 0 | M124: ='Übersicht Score Index'!F125*Rezepte!AQ125 -> 0 | N124: ='Übersicht Score Index'!F125*Rezepte!AR125 -> 0 | O124: ='Übersicht Score Index'!G125*Rezepte!AP125 -> 0 | P124: ='Übersicht Score Index'!G125*Rezepte!AQ125 -> 0 | Q124: ='Übersicht Score Index'!G125*Rezepte!AR125 -> 0 | R124: ='Übersicht Score Index'!H125*Rezepte!AP125 -> 0 | S124: ='Übersicht Score Index'!H125*Rezepte!AQ125 -> 0 | T124: ='Übersicht Score Index'!H125*Rezepte!AR125 -> 0 | U124: ='Übersicht Score Index'!I125*Rezepte!AP125 -> 0 | V124: ='Übersicht Score Index'!I125*Rezepte!AQ125 -> 0 | W124: ='Übersicht Score Index'!I125*Rezepte!AR125 -> 0
A125: 142-62-1 | B125: Hexansäure kräftig | C125: ='Übersicht Score Index'!C126*Rezepte!AP126 -> 0.53375 | D125: ='Übersicht Score Index'!C126*Rezepte!AQ126 -> 0.266875 | E125: ='Übersicht Score Index'!C126*Rezepte!AR126 -> 0.266875 | F125: ='Übersicht Score Index'!D126*Rezepte!AP126 -> 0 | G125: ='Übersicht Score Index'!D126*Rezepte!AQ126 -> 0 | H125: ='Übersicht Score Index'!D126*Rezepte!AR126 -> 0 | I125: ='Übersicht Score Index'!E126*Rezepte!AP126 -> 0 | J125: ='Übersicht Score Index'!E126*Rezepte!AQ126 -> 0 | K125: ='Übersicht Score Index'!E126*Rezepte!AR126 -> 0 | L125: ='Übersicht Score Index'!F126*Rezepte!AP126 -> 0 | M125: ='Übersicht Score Index'!F126*Rezepte!AQ126 -> 0 | N125: ='Übersicht Score Index'!F126*Rezepte!AR126 -> 0 | O125: ='Übersicht Score Index'!G126*Rezepte!AP126 -> 0 | P125: ='Übersicht Score Index'!G126*Rezepte!AQ126 -> 0 | Q125: ='Übersicht Score Index'!G126*Rezepte!AR126 -> 0 | R125: ='Übersicht Score Index'!H126*Rezepte!AP126 -> 0 | S125: ='Übersicht Score Index'!H126*Rezepte!AQ126 -> 0 | T125: ='Übersicht Score Index'!H126*Rezepte!AR126 -> 0 | U125: ='Übersicht Score Index'!I126*Rezepte!AP126 -> 0 | V125: ='Übersicht Score Index'!I126*Rezepte!AQ126 -> 0 | W125: ='Übersicht Score Index'!I126*Rezepte!AR126 -> 0
A126: 10032-15-2 | B126: Hexyl-2-methylbutyrat Halal Kosher | C126: ='Übersicht Score Index'!C127*Rezepte!AP127 -> 0 | D126: ='Übersicht Score Index'!C127*Rezepte!AQ127 -> 0 | E126: ='Übersicht Score Index'!C127*Rezepte!AR127 -> 0 | F126: ='Übersicht Score Index'!D127*Rezepte!AP127 -> 0 | G126: ='Übersicht Score Index'!D127*Rezepte!AQ127 -> 0 | H126: ='Übersicht Score Index'!D127*Rezepte!AR127 -> 0 | I126: ='Übersicht Score Index'!E127*Rezepte!AP127 -> 0 | J126: ='Übersicht Score Index'!E127*Rezepte!AQ127 -> 0 | K126: ='Übersicht Score Index'!E127*Rezepte!AR127 -> 0 | L126: ='Übersicht Score Index'!F127*Rezepte!AP127 -> 0 | M126: ='Übersicht Score Index'!F127*Rezepte!AQ127 -> 0 | N126: ='Übersicht Score Index'!F127*Rezepte!AR127 -> 0 | O126: ='Übersicht Score Index'!G127*Rezepte!AP127 -> 0 | P126: ='Übersicht Score Index'!G127*Rezepte!AQ127 -> 0 | Q126: ='Übersicht Score Index'!G127*Rezepte!AR127 -> 0 | R126: ='Übersicht Score Index'!H127*Rezepte!AP127 -> 0 | S126: ='Übersicht Score Index'!H127*Rezepte!AQ127 -> 0 | T126: ='Übersicht Score Index'!H127*Rezepte!AR127 -> 0 | U126: ='Übersicht Score Index'!I127*Rezepte!AP127 -> 0 | V126: ='Übersicht Score Index'!I127*Rezepte!AQ127 -> 0 | W126: ='Übersicht Score Index'!I127*Rezepte!AR127 -> 0
A127: 142-92-7 | B127: Hexylacetat Kosher Halal | C127: ='Übersicht Score Index'!C128*Rezepte!AP128 -> 0 | D127: ='Übersicht Score Index'!C128*Rezepte!AQ128 -> 0 | E127: ='Übersicht Score Index'!C128*Rezepte!AR128 -> 0 | F127: ='Übersicht Score Index'!D128*Rezepte!AP128 -> 0 | G127: ='Übersicht Score Index'!D128*Rezepte!AQ128 -> 0 | H127: ='Übersicht Score Index'!D128*Rezepte!AR128 -> 0 | I127: ='Übersicht Score Index'!E128*Rezepte!AP128 -> 0 | J127: ='Übersicht Score Index'!E128*Rezepte!AQ128 -> 0 | K127: ='Übersicht Score Index'!E128*Rezepte!AR128 -> 0 | L127: ='Übersicht Score Index'!F128*Rezepte!AP128 -> 0 | M127: ='Übersicht Score Index'!F128*Rezepte!AQ128 -> 0 | N127: ='Übersicht Score Index'!F128*Rezepte!AR128 -> 0 | O127: ='Übersicht Score Index'!G128*Rezepte!AP128 -> 0 | P127: ='Übersicht Score Index'!G128*Rezepte!AQ128 -> 0 | Q127: ='Übersicht Score Index'!G128*Rezepte!AR128 -> 0 | R127: ='Übersicht Score Index'!H128*Rezepte!AP128 -> 0 | S127: ='Übersicht Score Index'!H128*Rezepte!AQ128 -> 0 | T127: ='Übersicht Score Index'!H128*Rezepte!AR128 -> 0 | U127: ='Übersicht Score Index'!I128*Rezepte!AP128 -> 0 | V127: ='Übersicht Score Index'!I128*Rezepte!AQ128 -> 0 | W127: ='Übersicht Score Index'!I128*Rezepte!AR128 -> 0
A128: 2639-63-6 | B128: Hexylbutyrat Halal Kosher | C128: ='Übersicht Score Index'!C129*Rezepte!AP129 -> 0 | D128: ='Übersicht Score Index'!C129*Rezepte!AQ129 -> 0 | E128: ='Übersicht Score Index'!C129*Rezepte!AR129 -> 0 | F128: ='Übersicht Score Index'!D129*Rezepte!AP129 -> 0 | G128: ='Übersicht Score Index'!D129*Rezepte!AQ129 -> 0 | H128: ='Übersicht Score Index'!D129*Rezepte!AR129 -> 0 | I128: ='Übersicht Score Index'!E129*Rezepte!AP129 -> 0 | J128: ='Übersicht Score Index'!E129*Rezepte!AQ129 -> 0 | K128: ='Übersicht Score Index'!E129*Rezepte!AR129 -> 0 | L128: ='Übersicht Score Index'!F129*Rezepte!AP129 -> 0 | M128: ='Übersicht Score Index'!F129*Rezepte!AQ129 -> 0 | N128: ='Übersicht Score Index'!F129*Rezepte!AR129 -> 0 | O128: ='Übersicht Score Index'!G129*Rezepte!AP129 -> 0 | P128: ='Übersicht Score Index'!G129*Rezepte!AQ129 -> 0 | Q128: ='Übersicht Score Index'!G129*Rezepte!AR129 -> 0 | R128: ='Übersicht Score Index'!H129*Rezepte!AP129 -> 0 | S128: ='Übersicht Score Index'!H129*Rezepte!AQ129 -> 0 | T128: ='Übersicht Score Index'!H129*Rezepte!AR129 -> 0 | U128: ='Übersicht Score Index'!I129*Rezepte!AP129 -> 0 | V128: ='Übersicht Score Index'!I129*Rezepte!AQ129 -> 0 | W128: ='Übersicht Score Index'!I129*Rezepte!AR129 -> 0
A129: 6378-65-0 | B129: Hexylhexanoat Kosher Halal | C129: ='Übersicht Score Index'!C130*Rezepte!AP130 -> 0 | D129: ='Übersicht Score Index'!C130*Rezepte!AQ130 -> 0 | E129: ='Übersicht Score Index'!C130*Rezepte!AR130 -> 0 | F129: ='Übersicht Score Index'!D130*Rezepte!AP130 -> 0 | G129: ='Übersicht Score Index'!D130*Rezepte!AQ130 -> 0 | H129: ='Übersicht Score Index'!D130*Rezepte!AR130 -> 0 | I129: ='Übersicht Score Index'!E130*Rezepte!AP130 -> 0 | J129: ='Übersicht Score Index'!E130*Rezepte!AQ130 -> 0 | K129: ='Übersicht Score Index'!E130*Rezepte!AR130 -> 0 | L129: ='Übersicht Score Index'!F130*Rezepte!AP130 -> 0 | M129: ='Übersicht Score Index'!F130*Rezepte!AQ130 -> 0 | N129: ='Übersicht Score Index'!F130*Rezepte!AR130 -> 0 | O129: ='Übersicht Score Index'!G130*Rezepte!AP130 -> 0 | P129: ='Übersicht Score Index'!G130*Rezepte!AQ130 -> 0 | Q129: ='Übersicht Score Index'!G130*Rezepte!AR130 -> 0 | R129: ='Übersicht Score Index'!H130*Rezepte!AP130 -> 0 | S129: ='Übersicht Score Index'!H130*Rezepte!AQ130 -> 0 | T129: ='Übersicht Score Index'!H130*Rezepte!AR130 -> 0 | U129: ='Übersicht Score Index'!I130*Rezepte!AP130 -> 0 | V129: ='Übersicht Score Index'!I130*Rezepte!AQ130 -> 0 | W129: ='Übersicht Score Index'!I130*Rezepte!AR130 -> 0
A130: 10032-13-0 | B130: Hexylisovalerat Halal Kosher | C130: ='Übersicht Score Index'!C131*Rezepte!AP131 -> 0 | D130: ='Übersicht Score Index'!C131*Rezepte!AQ131 -> 0 | E130: ='Übersicht Score Index'!C131*Rezepte!AR131 -> 0 | F130: ='Übersicht Score Index'!D131*Rezepte!AP131 -> 0 | G130: ='Übersicht Score Index'!D131*Rezepte!AQ131 -> 0 | H130: ='Übersicht Score Index'!D131*Rezepte!AR131 -> 0 | I130: ='Übersicht Score Index'!E131*Rezepte!AP131 -> 0 | J130: ='Übersicht Score Index'!E131*Rezepte!AQ131 -> 0 | K130: ='Übersicht Score Index'!E131*Rezepte!AR131 -> 0 | L130: ='Übersicht Score Index'!F131*Rezepte!AP131 -> 0 | M130: ='Übersicht Score Index'!F131*Rezepte!AQ131 -> 0 | N130: ='Übersicht Score Index'!F131*Rezepte!AR131 -> 0 | O130: ='Übersicht Score Index'!G131*Rezepte!AP131 -> 0 | P130: ='Übersicht Score Index'!G131*Rezepte!AQ131 -> 0 | Q130: ='Übersicht Score Index'!G131*Rezepte!AR131 -> 0 | R130: ='Übersicht Score Index'!H131*Rezepte!AP131 -> 0 | S130: ='Übersicht Score Index'!H131*Rezepte!AQ131 -> 0 | T130: ='Übersicht Score Index'!H131*Rezepte!AR131 -> 0 | U130: ='Übersicht Score Index'!I131*Rezepte!AP131 -> 0 | V130: ='Übersicht Score Index'!I131*Rezepte!AQ131 -> 0 | W130: ='Übersicht Score Index'!I131*Rezepte!AR131 -> 0
A131: 5471-51-2 | B131: Himbeerketon Halal | C131: ='Übersicht Score Index'!C132*Rezepte!AP132 -> 0 | D131: ='Übersicht Score Index'!C132*Rezepte!AQ132 -> 0 | E131: ='Übersicht Score Index'!C132*Rezepte!AR132 -> 0 | F131: ='Übersicht Score Index'!D132*Rezepte!AP132 -> 0 | G131: ='Übersicht Score Index'!D132*Rezepte!AQ132 -> 0 | H131: ='Übersicht Score Index'!D132*Rezepte!AR132 -> 0 | I131: ='Übersicht Score Index'!E132*Rezepte!AP132 -> 0 | J131: ='Übersicht Score Index'!E132*Rezepte!AQ132 -> 0 | K131: ='Übersicht Score Index'!E132*Rezepte!AR132 -> 0 | L131: ='Übersicht Score Index'!F132*Rezepte!AP132 -> 0.019210954 | M131: ='Übersicht Score Index'!F132*Rezepte!AQ132 -> 0.0096054769 | N131: ='Übersicht Score Index'!F132*Rezepte!AR132 -> 0.0096054769 | O131: ='Übersicht Score Index'!G132*Rezepte!AP132 -> 0 | P131: ='Übersicht Score Index'!G132*Rezepte!AQ132 -> 0 | Q131: ='Übersicht Score Index'!G132*Rezepte!AR132 -> 0 | R131: ='Übersicht Score Index'!H132*Rezepte!AP132 -> 0 | S131: ='Übersicht Score Index'!H132*Rezepte!AQ132 -> 0 | T131: ='Übersicht Score Index'!H132*Rezepte!AR132 -> 0 | U131: ='Übersicht Score Index'!I132*Rezepte!AP132 -> 0 | V131: ='Übersicht Score Index'!I132*Rezepte!AQ132 -> 0 | W131: ='Übersicht Score Index'!I132*Rezepte!AR132 -> 0
A132: 104-20-1 | B132: Himbeerketonmethylether Halal | C132: ='Übersicht Score Index'!C133*Rezepte!AP133 -> 0 | D132: ='Übersicht Score Index'!C133*Rezepte!AQ133 -> 0 | E132: ='Übersicht Score Index'!C133*Rezepte!AR133 -> 0 | F132: ='Übersicht Score Index'!D133*Rezepte!AP133 -> 0 | G132: ='Übersicht Score Index'!D133*Rezepte!AQ133 -> 0 | H132: ='Übersicht Score Index'!D133*Rezepte!AR133 -> 0 | I132: ='Übersicht Score Index'!E133*Rezepte!AP133 -> 0 | J132: ='Übersicht Score Index'!E133*Rezepte!AQ133 -> 0 | K132: ='Übersicht Score Index'!E133*Rezepte!AR133 -> 0 | L132: ='Übersicht Score Index'!F133*Rezepte!AP133 -> 0 | M132: ='Übersicht Score Index'!F133*Rezepte!AQ133 -> 0 | N132: ='Übersicht Score Index'!F133*Rezepte!AR133 -> 0 | O132: ='Übersicht Score Index'!G133*Rezepte!AP133 -> 0 | P132: ='Übersicht Score Index'!G133*Rezepte!AQ133 -> 0 | Q132: ='Übersicht Score Index'!G133*Rezepte!AR133 -> 0 | R132: ='Übersicht Score Index'!H133*Rezepte!AP133 -> 0 | S132: ='Übersicht Score Index'!H133*Rezepte!AQ133 -> 0 | T132: ='Übersicht Score Index'!H133*Rezepte!AR133 -> 0 | U132: ='Übersicht Score Index'!I133*Rezepte!AP133 -> 0 | V132: ='Übersicht Score Index'!I133*Rezepte!AQ133 -> 0 | W132: ='Übersicht Score Index'!I133*Rezepte!AR133 -> 0
A133: 120-72-9 | B133: Indol Halal | C133: ='Übersicht Score Index'!C134*Rezepte!AP134 -> 0 | D133: ='Übersicht Score Index'!C134*Rezepte!AQ134 -> 0 | E133: ='Übersicht Score Index'!C134*Rezepte!AR134 -> 0 | F133: ='Übersicht Score Index'!D134*Rezepte!AP134 -> 0 | G133: ='Übersicht Score Index'!D134*Rezepte!AQ134 -> 0 | H133: ='Übersicht Score Index'!D134*Rezepte!AR134 -> 0 | I133: ='Übersicht Score Index'!E134*Rezepte!AP134 -> 0 | J133: ='Übersicht Score Index'!E134*Rezepte!AQ134 -> 0 | K133: ='Übersicht Score Index'!E134*Rezepte!AR134 -> 0 | L133: ='Übersicht Score Index'!F134*Rezepte!AP134 -> 0 | M133: ='Übersicht Score Index'!F134*Rezepte!AQ134 -> 0 | N133: ='Übersicht Score Index'!F134*Rezepte!AR134 -> 0 | O133: ='Übersicht Score Index'!G134*Rezepte!AP134 -> 0 | P133: ='Übersicht Score Index'!G134*Rezepte!AQ134 -> 0 | Q133: ='Übersicht Score Index'!G134*Rezepte!AR134 -> 0 | R133: ='Übersicht Score Index'!H134*Rezepte!AP134 -> 0 | S133: ='Übersicht Score Index'!H134*Rezepte!AQ134 -> 0 | T133: ='Übersicht Score Index'!H134*Rezepte!AR134 -> 0 | U133: ='Übersicht Score Index'!I134*Rezepte!AP134 -> 0 | V133: ='Übersicht Score Index'!I134*Rezepte!AQ134 -> 0 | W133: ='Übersicht Score Index'!I134*Rezepte!AR134 -> 0
A134: 8002-73-1 | B134: Iris-Absolue, ca. 70% Iron Kosher Halal | C134: ='Übersicht Score Index'!C135*Rezepte!AP135 -> 0 | D134: ='Übersicht Score Index'!C135*Rezepte!AQ135 -> 0 | E134: ='Übersicht Score Index'!C135*Rezepte!AR135 -> 0 | F134: ='Übersicht Score Index'!D135*Rezepte!AP135 -> 0 | G134: ='Übersicht Score Index'!D135*Rezepte!AQ135 -> 0 | H134: ='Übersicht Score Index'!D135*Rezepte!AR135 -> 0 | I134: ='Übersicht Score Index'!E135*Rezepte!AP135 -> 0 | J134: ='Übersicht Score Index'!E135*Rezepte!AQ135 -> 0 | K134: ='Übersicht Score Index'!E135*Rezepte!AR135 -> 0 | L134: ='Übersicht Score Index'!F135*Rezepte!AP135 -> 0 | M134: ='Übersicht Score Index'!F135*Rezepte!AQ135 -> 0 | N134: ='Übersicht Score Index'!F135*Rezepte!AR135 -> 0 | O134: ='Übersicht Score Index'!G135*Rezepte!AP135 -> 0 | P134: ='Übersicht Score Index'!G135*Rezepte!AQ135 -> 0 | Q134: ='Übersicht Score Index'!G135*Rezepte!AR135 -> 0 | R134: ='Übersicht Score Index'!H135*Rezepte!AP135 -> 0 | S134: ='Übersicht Score Index'!H135*Rezepte!AQ135 -> 0 | T134: ='Übersicht Score Index'!H135*Rezepte!AR135 -> 0 | U134: ='Übersicht Score Index'!I135*Rezepte!AP135 -> 0 | V134: ='Übersicht Score Index'!I135*Rezepte!AQ135 -> 0 | W134: ='Übersicht Score Index'!I135*Rezepte!AR135 -> 0
A135: 90045-90-2 | B135: Iris-Concrete, 8% Iron Halal | C135: ='Übersicht Score Index'!C136*Rezepte!AP136 -> 0 | D135: ='Übersicht Score Index'!C136*Rezepte!AQ136 -> 0 | E135: ='Übersicht Score Index'!C136*Rezepte!AR136 -> 0 | F135: ='Übersicht Score Index'!D136*Rezepte!AP136 -> 0 | G135: ='Übersicht Score Index'!D136*Rezepte!AQ136 -> 0 | H135: ='Übersicht Score Index'!D136*Rezepte!AR136 -> 0 | I135: ='Übersicht Score Index'!E136*Rezepte!AP136 -> 0 | J135: ='Übersicht Score Index'!E136*Rezepte!AQ136 -> 0 | K135: ='Übersicht Score Index'!E136*Rezepte!AR136 -> 0 | L135: ='Übersicht Score Index'!F136*Rezepte!AP136 -> 0.00017464503 | M135: ='Übersicht Score Index'!F136*Rezepte!AQ136 -> 8.7322517e-05 | N135: ='Übersicht Score Index'!F136*Rezepte!AR136 -> 8.7322517e-05 | O135: ='Übersicht Score Index'!G136*Rezepte!AP136 -> 0 | P135: ='Übersicht Score Index'!G136*Rezepte!AQ136 -> 0 | Q135: ='Übersicht Score Index'!G136*Rezepte!AR136 -> 0 | R135: ='Übersicht Score Index'!H136*Rezepte!AP136 -> 0 | S135: ='Übersicht Score Index'!H136*Rezepte!AQ136 -> 0 | T135: ='Übersicht Score Index'!H136*Rezepte!AR136 -> 0 | U135: ='Übersicht Score Index'!I136*Rezepte!AP136 -> 0 | V135: ='Übersicht Score Index'!I136*Rezepte!AQ136 -> 0 | W135: ='Übersicht Score Index'!I136*Rezepte!AR136 -> 0
A136: 27625-35-0 | B136: Isoamyl-2-methylbutyrat | C136: ='Übersicht Score Index'!#REF!*Rezepte!#REF! -> #REF! | D136: ='Übersicht Score Index'!#REF!*Rezepte!#REF! -> #REF! | E136: ='Übersicht Score Index'!#REF!*Rezepte!#REF! -> #REF! | F136: ='Übersicht Score Index'!#REF!*Rezepte!#REF! -> #REF! | G136: ='Übersicht Score Index'!#REF!*Rezepte!#REF! -> #REF! | H136: ='Übersicht Score Index'!#REF!*Rezepte!#REF! -> #REF! | I136: ='Übersicht Score Index'!#REF!*Rezepte!#REF! -> #REF! | J136: ='Übersicht Score Index'!#REF!*Rezepte!#REF! -> #REF! | ... W136: ='Übersicht Score Index'!#REF!*Rezepte!#REF! -> #REF!
A137: 27625-35-0 | B137: Isoamyl-2-methylbutyrat, natürlich | C137: ='Übersicht Score Index'!C137*Rezepte!AP137 -> 0 | D137: ='Übersicht Score Index'!C137*Rezepte!AQ137 -> 0 | E137: ='Übersicht Score Index'!C137*Rezepte!AR137 -> 0 | F137: ='Übersicht Score Index'!D137*Rezepte!AP137 -> 0 | G137: ='Übersicht Score Index'!D137*Rezepte!AQ137 -> 0 | H137: ='Übersicht Score Index'!D137*Rezepte!AR137 -> 0 | I137: ='Übersicht Score Index'!E137*Rezepte!AP137 -> 0 | J137: ='Übersicht Score Index'!E137*Rezepte!AQ137 -> 0 | K137: ='Übersicht Score Index'!E137*Rezepte!AR137 -> 0 | L137: ='Übersicht Score Index'!F137*Rezepte!AP137 -> 0 | M137: ='Übersicht Score Index'!F137*Rezepte!AQ137 -> 0 | N137: ='Übersicht Score Index'!F137*Rezepte!AR137 -> 0 | O137: ='Übersicht Score Index'!G137*Rezepte!AP137 -> 0 | P137: ='Übersicht Score Index'!G137*Rezepte!AQ137 -> 0 | Q137: ='Übersicht Score Index'!G137*Rezepte!AR137 -> 0 | R137: ='Übersicht Score Index'!H137*Rezepte!AP137 -> 0 | S137: ='Übersicht Score Index'!H137*Rezepte!AQ137 -> 0 | T137: ='Übersicht Score Index'!H137*Rezepte!AR137 -> 0 | U137: ='Übersicht Score Index'!I137*Rezepte!AP137 -> 0 | V137: ='Übersicht Score Index'!I137*Rezepte!AQ137 -> 0 | W137: ='Übersicht Score Index'!I137*Rezepte!AR137 -> 0
A138: 123-92-2 | B138: Isoamylacetat Halal | C138: ='Übersicht Score Index'!C138*Rezepte!AP138 -> 0 | D138: ='Übersicht Score Index'!C138*Rezepte!AQ138 -> 0 | E138: ='Übersicht Score Index'!C138*Rezepte!AR138 -> 0 | F138: ='Übersicht Score Index'!D138*Rezepte!AP138 -> 0 | G138: ='Übersicht Score Index'!D138*Rezepte!AQ138 -> 0 | H138: ='Übersicht Score Index'!D138*Rezepte!AR138 -> 0 | I138: ='Übersicht Score Index'!E138*Rezepte!AP138 -> 0 | J138: ='Übersicht Score Index'!E138*Rezepte!AQ138 -> 0 | K138: ='Übersicht Score Index'!E138*Rezepte!AR138 -> 0 | L138: ='Übersicht Score Index'!F138*Rezepte!AP138 -> 0 | M138: ='Übersicht Score Index'!F138*Rezepte!AQ138 -> 0 | N138: ='Übersicht Score Index'!F138*Rezepte!AR138 -> 0 | O138: ='Übersicht Score Index'!G138*Rezepte!AP138 -> 0 | P138: ='Übersicht Score Index'!G138*Rezepte!AQ138 -> 0 | Q138: ='Übersicht Score Index'!G138*Rezepte!AR138 -> 0 | R138: ='Übersicht Score Index'!H138*Rezepte!AP138 -> 0 | S138: ='Übersicht Score Index'!H138*Rezepte!AQ138 -> 0 | T138: ='Übersicht Score Index'!H138*Rezepte!AR138 -> 0 | U138: ='Übersicht Score Index'!I138*Rezepte!AP138 -> 0 | V138: ='Übersicht Score Index'!I138*Rezepte!AQ138 -> 0 | W138: ='Übersicht Score Index'!I138*Rezepte!AR138 -> 0
A139: 123-51-3 | B139: Isoamylalkohol Kosher Halal | C139: ='Übersicht Score Index'!C139*Rezepte!AP139 -> 0 | D139: ='Übersicht Score Index'!C139*Rezepte!AQ139 -> 0 | E139: ='Übersicht Score Index'!C139*Rezepte!AR139 -> 0 | F139: ='Übersicht Score Index'!D139*Rezepte!AP139 -> 0 | G139: ='Übersicht Score Index'!D139*Rezepte!AQ139 -> 0 | H139: ='Übersicht Score Index'!D139*Rezepte!AR139 -> 0 | I139: ='Übersicht Score Index'!E139*Rezepte!AP139 -> 0 | J139: ='Übersicht Score Index'!E139*Rezepte!AQ139 -> 0 | K139: ='Übersicht Score Index'!E139*Rezepte!AR139 -> 0 | L139: ='Übersicht Score Index'!F139*Rezepte!AP139 -> 0 | M139: ='Übersicht Score Index'!F139*Rezepte!AQ139 -> 0 | N139: ='Übersicht Score Index'!F139*Rezepte!AR139 -> 0 | O139: ='Übersicht Score Index'!G139*Rezepte!AP139 -> 0 | P139: ='Übersicht Score Index'!G139*Rezepte!AQ139 -> 0 | Q139: ='Übersicht Score Index'!G139*Rezepte!AR139 -> 0 | R139: ='Übersicht Score Index'!H139*Rezepte!AP139 -> 0 | S139: ='Übersicht Score Index'!H139*Rezepte!AQ139 -> 0 | T139: ='Übersicht Score Index'!H139*Rezepte!AR139 -> 0 | U139: ='Übersicht Score Index'!I139*Rezepte!AP139 -> 0 | V139: ='Übersicht Score Index'!I139*Rezepte!AQ139 -> 0 | W139: ='Übersicht Score Index'!I139*Rezepte!AR139 -> 0
A140: 106-27-4 | B140: Isoamylbutyrat Halal | C140: ='Übersicht Score Index'!C140*Rezepte!AP140 -> 0 | D140: ='Übersicht Score Index'!C140*Rezepte!AQ140 -> 0 | E140: ='Übersicht Score Index'!C140*Rezepte!AR140 -> 0 | F140: ='Übersicht Score Index'!D140*Rezepte!AP140 -> 0 | G140: ='Übersicht Score Index'!D140*Rezepte!AQ140 -> 0 | H140: ='Übersicht Score Index'!D140*Rezepte!AR140 -> 0 | I140: ='Übersicht Score Index'!E140*Rezepte!AP140 -> 0 | J140: ='Übersicht Score Index'!E140*Rezepte!AQ140 -> 0 | K140: ='Übersicht Score Index'!E140*Rezepte!AR140 -> 0 | L140: ='Übersicht Score Index'!F140*Rezepte!AP140 -> 0 | M140: ='Übersicht Score Index'!F140*Rezepte!AQ140 -> 0 | N140: ='Übersicht Score Index'!F140*Rezepte!AR140 -> 0 | O140: ='Übersicht Score Index'!G140*Rezepte!AP140 -> 0 | P140: ='Übersicht Score Index'!G140*Rezepte!AQ140 -> 0 | Q140: ='Übersicht Score Index'!G140*Rezepte!AR140 -> 0 | R140: ='Übersicht Score Index'!H140*Rezepte!AP140 -> 0 | S140: ='Übersicht Score Index'!H140*Rezepte!AQ140 -> 0 | T140: ='Übersicht Score Index'!H140*Rezepte!AR140 -> 0 | U140: ='Übersicht Score Index'!I140*Rezepte!AP140 -> 0 | V140: ='Übersicht Score Index'!I140*Rezepte!AQ140 -> 0 | W140: ='Übersicht Score Index'!I140*Rezepte!AR140 -> 0
A141: 659-70-1 | B141: Isoamylisovalerat Kosher Halal | C141: ='Übersicht Score Index'!C141*Rezepte!AP141 -> 0 | D141: ='Übersicht Score Index'!C141*Rezepte!AQ141 -> 0 | E141: ='Übersicht Score Index'!C141*Rezepte!AR141 -> 0 | F141: ='Übersicht Score Index'!D141*Rezepte!AP141 -> 0 | G141: ='Übersicht Score Index'!D141*Rezepte!AQ141 -> 0 | H141: ='Übersicht Score Index'!D141*Rezepte!AR141 -> 0 | I141: ='Übersicht Score Index'!E141*Rezepte!AP141 -> 0 | J141: ='Übersicht Score Index'!E141*Rezepte!AQ141 -> 0 | K141: ='Übersicht Score Index'!E141*Rezepte!AR141 -> 0 | L141: ='Übersicht Score Index'!F141*Rezepte!AP141 -> 0 | M141: ='Übersicht Score Index'!F141*Rezepte!AQ141 -> 0 | N141: ='Übersicht Score Index'!F141*Rezepte!AR141 -> 0 | O141: ='Übersicht Score Index'!G141*Rezepte!AP141 -> 0 | P141: ='Übersicht Score Index'!G141*Rezepte!AQ141 -> 0 | Q141: ='Übersicht Score Index'!G141*Rezepte!AR141 -> 0 | R141: ='Übersicht Score Index'!H141*Rezepte!AP141 -> 0 | S141: ='Übersicht Score Index'!H141*Rezepte!AQ141 -> 0 | T141: ='Übersicht Score Index'!H141*Rezepte!AR141 -> 0 | U141: ='Übersicht Score Index'!I141*Rezepte!AP141 -> 0 | V141: ='Übersicht Score Index'!I141*Rezepte!AQ141 -> 0 | W141: ='Übersicht Score Index'!I141*Rezepte!AR141 -> 0
A142: 102-19-2 | B142: Isoamylphenylacetat, natürlich | C142: ='Übersicht Score Index'!C142*Rezepte!AP142 -> 0 | D142: ='Übersicht Score Index'!C142*Rezepte!AQ142 -> 0 | E142: ='Übersicht Score Index'!C142*Rezepte!AR142 -> 0 | F142: ='Übersicht Score Index'!D142*Rezepte!AP142 -> 0 | G142: ='Übersicht Score Index'!D142*Rezepte!AQ142 -> 0 | H142: ='Übersicht Score Index'!D142*Rezepte!AR142 -> 0 | I142: ='Übersicht Score Index'!E142*Rezepte!AP142 -> 0 | J142: ='Übersicht Score Index'!E142*Rezepte!AQ142 -> 0 | K142: ='Übersicht Score Index'!E142*Rezepte!AR142 -> 0 | L142: ='Übersicht Score Index'!F142*Rezepte!AP142 -> 0 | M142: ='Übersicht Score Index'!F142*Rezepte!AQ142 -> 0 | N142: ='Übersicht Score Index'!F142*Rezepte!AR142 -> 0 | O142: ='Übersicht Score Index'!G142*Rezepte!AP142 -> 0 | P142: ='Übersicht Score Index'!G142*Rezepte!AQ142 -> 0 | Q142: ='Übersicht Score Index'!G142*Rezepte!AR142 -> 0 | R142: ='Übersicht Score Index'!H142*Rezepte!AP142 -> 0 | S142: ='Übersicht Score Index'!H142*Rezepte!AQ142 -> 0 | T142: ='Übersicht Score Index'!H142*Rezepte!AR142 -> 0 | U142: ='Übersicht Score Index'!I142*Rezepte!AP142 -> 0 | V142: ='Übersicht Score Index'!I142*Rezepte!AQ142 -> 0 | W142: ='Übersicht Score Index'!I142*Rezepte!AR142 -> 0
A143: 105-68-0 | B143: Isoamylpropionat Halal Kosher | C143: ='Übersicht Score Index'!C143*Rezepte!AP143 -> 0 | D143: ='Übersicht Score Index'!C143*Rezepte!AQ143 -> 0 | E143: ='Übersicht Score Index'!C143*Rezepte!AR143 -> 0 | F143: ='Übersicht Score Index'!D143*Rezepte!AP143 -> 0 | G143: ='Übersicht Score Index'!D143*Rezepte!AQ143 -> 0 | H143: ='Übersicht Score Index'!D143*Rezepte!AR143 -> 0 | I143: ='Übersicht Score Index'!E143*Rezepte!AP143 -> 0 | J143: ='Übersicht Score Index'!E143*Rezepte!AQ143 -> 0 | K143: ='Übersicht Score Index'!E143*Rezepte!AR143 -> 0 | L143: ='Übersicht Score Index'!F143*Rezepte!AP143 -> 0 | M143: ='Übersicht Score Index'!F143*Rezepte!AQ143 -> 0 | N143: ='Übersicht Score Index'!F143*Rezepte!AR143 -> 0 | O143: ='Übersicht Score Index'!G143*Rezepte!AP143 -> 0 | P143: ='Übersicht Score Index'!G143*Rezepte!AQ143 -> 0 | Q143: ='Übersicht Score Index'!G143*Rezepte!AR143 -> 0 | R143: ='Übersicht Score Index'!H143*Rezepte!AP143 -> 0 | S143: ='Übersicht Score Index'!H143*Rezepte!AQ143 -> 0 | T143: ='Übersicht Score Index'!H143*Rezepte!AR143 -> 0 | U143: ='Übersicht Score Index'!I143*Rezepte!AP143 -> 0 | V143: ='Übersicht Score Index'!I143*Rezepte!AQ143 -> 0 | W143: ='Übersicht Score Index'!I143*Rezepte!AR143 -> 0
A144: 78-83-1 | B144: Isobutanol Halal | C144: ='Übersicht Score Index'!C144*Rezepte!AP144 -> 0 | D144: ='Übersicht Score Index'!C144*Rezepte!AQ144 -> 0 | E144: ='Übersicht Score Index'!C144*Rezepte!AR144 -> 0 | F144: ='Übersicht Score Index'!D144*Rezepte!AP144 -> 0 | G144: ='Übersicht Score Index'!D144*Rezepte!AQ144 -> 0 | H144: ='Übersicht Score Index'!D144*Rezepte!AR144 -> 0 | I144: ='Übersicht Score Index'!E144*Rezepte!AP144 -> 0 | J144: ='Übersicht Score Index'!E144*Rezepte!AQ144 -> 0 | K144: ='Übersicht Score Index'!E144*Rezepte!AR144 -> 0 | L144: ='Übersicht Score Index'!F144*Rezepte!AP144 -> 0 | M144: ='Übersicht Score Index'!F144*Rezepte!AQ144 -> 0 | N144: ='Übersicht Score Index'!F144*Rezepte!AR144 -> 0 | O144: ='Übersicht Score Index'!G144*Rezepte!AP144 -> 0 | P144: ='Übersicht Score Index'!G144*Rezepte!AQ144 -> 0 | Q144: ='Übersicht Score Index'!G144*Rezepte!AR144 -> 0 | R144: ='Übersicht Score Index'!H144*Rezepte!AP144 -> 0 | S144: ='Übersicht Score Index'!H144*Rezepte!AQ144 -> 0 | T144: ='Übersicht Score Index'!H144*Rezepte!AR144 -> 0 | U144: ='Übersicht Score Index'!I144*Rezepte!AP144 -> 0 | V144: ='Übersicht Score Index'!I144*Rezepte!AQ144 -> 0 | W144: ='Übersicht Score Index'!I144*Rezepte!AR144 -> 0
A145: 79-31-2 | B145: Isobuttersäure, natürlich Halal Kosher | C145: ='Übersicht Score Index'!C145*Rezepte!AP145 -> 0 | D145: ='Übersicht Score Index'!C145*Rezepte!AQ145 -> 0 | E145: ='Übersicht Score Index'!C145*Rezepte!AR145 -> 0 | F145: ='Übersicht Score Index'!D145*Rezepte!AP145 -> 0 | G145: ='Übersicht Score Index'!D145*Rezepte!AQ145 -> 0 | H145: ='Übersicht Score Index'!D145*Rezepte!AR145 -> 0 | I145: ='Übersicht Score Index'!E145*Rezepte!AP145 -> 0 | J145: ='Übersicht Score Index'!E145*Rezepte!AQ145 -> 0 | K145: ='Übersicht Score Index'!E145*Rezepte!AR145 -> 0 | L145: ='Übersicht Score Index'!F145*Rezepte!AP145 -> 0 | M145: ='Übersicht Score Index'!F145*Rezepte!AQ145 -> 0 | N145: ='Übersicht Score Index'!F145*Rezepte!AR145 -> 0 | O145: ='Übersicht Score Index'!G145*Rezepte!AP145 -> 0 | P145: ='Übersicht Score Index'!G145*Rezepte!AQ145 -> 0 | Q145: ='Übersicht Score Index'!G145*Rezepte!AR145 -> 0 | R145: ='Übersicht Score Index'!H145*Rezepte!AP145 -> 0 | S145: ='Übersicht Score Index'!H145*Rezepte!AQ145 -> 0 | T145: ='Übersicht Score Index'!H145*Rezepte!AR145 -> 0 | U145: ='Übersicht Score Index'!I145*Rezepte!AP145 -> 0 | V145: ='Übersicht Score Index'!I145*Rezepte!AQ145 -> 0 | W145: ='Übersicht Score Index'!I145*Rezepte!AR145 -> 0
A146: 110-19-0 | B146: Isobutylacetat Halal | C146: ='Übersicht Score Index'!C146*Rezepte!AP146 -> 0 | D146: ='Übersicht Score Index'!C146*Rezepte!AQ146 -> 0 | E146: ='Übersicht Score Index'!C146*Rezepte!AR146 -> 0 | F146: ='Übersicht Score Index'!D146*Rezepte!AP146 -> 0 | G146: ='Übersicht Score Index'!D146*Rezepte!AQ146 -> 0 | H146: ='Übersicht Score Index'!D146*Rezepte!AR146 -> 0 | I146: ='Übersicht Score Index'!E146*Rezepte!AP146 -> 0 | J146: ='Übersicht Score Index'!E146*Rezepte!AQ146 -> 0 | K146: ='Übersicht Score Index'!E146*Rezepte!AR146 -> 0 | L146: ='Übersicht Score Index'!F146*Rezepte!AP146 -> 0 | M146: ='Übersicht Score Index'!F146*Rezepte!AQ146 -> 0 | N146: ='Übersicht Score Index'!F146*Rezepte!AR146 -> 0 | O146: ='Übersicht Score Index'!G146*Rezepte!AP146 -> 0 | P146: ='Übersicht Score Index'!G146*Rezepte!AQ146 -> 0 | Q146: ='Übersicht Score Index'!G146*Rezepte!AR146 -> 0 | R146: ='Übersicht Score Index'!H146*Rezepte!AP146 -> 0 | S146: ='Übersicht Score Index'!H146*Rezepte!AQ146 -> 0 | T146: ='Übersicht Score Index'!H146*Rezepte!AR146 -> 0 | U146: ='Übersicht Score Index'!I146*Rezepte!AP146 -> 0 | V146: ='Übersicht Score Index'!I146*Rezepte!AQ146 -> 0 | W146: ='Übersicht Score Index'!I146*Rezepte!AR146 -> 0
A147: 539-90-2 | B147: Isobutylbutyrat Kosher Halal | C147: ='Übersicht Score Index'!C147*Rezepte!AP147 -> 0 | D147: ='Übersicht Score Index'!C147*Rezepte!AQ147 -> 0 | E147: ='Übersicht Score Index'!C147*Rezepte!AR147 -> 0 | F147: ='Übersicht Score Index'!D147*Rezepte!AP147 -> 0 | G147: ='Übersicht Score Index'!D147*Rezepte!AQ147 -> 0 | H147: ='Übersicht Score Index'!D147*Rezepte!AR147 -> 0 | I147: ='Übersicht Score Index'!E147*Rezepte!AP147 -> 0 | J147: ='Übersicht Score Index'!E147*Rezepte!AQ147 -> 0 | K147: ='Übersicht Score Index'!E147*Rezepte!AR147 -> 0 | L147: ='Übersicht Score Index'!F147*Rezepte!AP147 -> 0 | M147: ='Übersicht Score Index'!F147*Rezepte!AQ147 -> 0 | N147: ='Übersicht Score Index'!F147*Rezepte!AR147 -> 0 | O147: ='Übersicht Score Index'!G147*Rezepte!AP147 -> 0 | P147: ='Übersicht Score Index'!G147*Rezepte!AQ147 -> 0 | Q147: ='Übersicht Score Index'!G147*Rezepte!AR147 -> 0 | R147: ='Übersicht Score Index'!H147*Rezepte!AP147 -> 0 | S147: ='Übersicht Score Index'!H147*Rezepte!AQ147 -> 0 | T147: ='Übersicht Score Index'!H147*Rezepte!AR147 -> 0 | U147: ='Übersicht Score Index'!I147*Rezepte!AP147 -> 0 | V147: ='Übersicht Score Index'!I147*Rezepte!AQ147 -> 0 | W147: ='Übersicht Score Index'!I147*Rezepte!AR147 -> 0
A148: 67-63-0 | B148: Isopropanol Halal | C148: ='Übersicht Score Index'!C148*Rezepte!AP148 -> 0 | D148: ='Übersicht Score Index'!C148*Rezepte!AQ148 -> 0 | E148: ='Übersicht Score Index'!C148*Rezepte!AR148 -> 0 | F148: ='Übersicht Score Index'!D148*Rezepte!AP148 -> 0 | G148: ='Übersicht Score Index'!D148*Rezepte!AQ148 -> 0 | H148: ='Übersicht Score Index'!D148*Rezepte!AR148 -> 0 | I148: ='Übersicht Score Index'!E148*Rezepte!AP148 -> 0 | J148: ='Übersicht Score Index'!E148*Rezepte!AQ148 -> 0 | K148: ='Übersicht Score Index'!E148*Rezepte!AR148 -> 0 | L148: ='Übersicht Score Index'!F148*Rezepte!AP148 -> 0 | M148: ='Übersicht Score Index'!F148*Rezepte!AQ148 -> 0 | N148: ='Übersicht Score Index'!F148*Rezepte!AR148 -> 0 | O148: ='Übersicht Score Index'!G148*Rezepte!AP148 -> 0 | P148: ='Übersicht Score Index'!G148*Rezepte!AQ148 -> 0 | Q148: ='Übersicht Score Index'!G148*Rezepte!AR148 -> 0 | R148: ='Übersicht Score Index'!H148*Rezepte!AP148 -> 0 | S148: ='Übersicht Score Index'!H148*Rezepte!AQ148 -> 0 | T148: ='Übersicht Score Index'!H148*Rezepte!AR148 -> 0 | U148: ='Übersicht Score Index'!I148*Rezepte!AP148 -> 0 | V148: ='Übersicht Score Index'!I148*Rezepte!AQ148 -> 0 | W148: ='Übersicht Score Index'!I148*Rezepte!AR148 -> 0
... A227: 68917-33-9 | B227: Zitronenterpene Kosher Halal | C227: ='Übersicht Score Index'!C227*Rezepte!AP227 -> 0 | D227: ='Übersicht Score Index'!C227*Rezepte!AQ227 -> 0 | E227: ='Übersicht Score Index'!C227*Rezepte!AR227 -> 0 | F227: ='Übersicht Score Index'!D227*Rezepte!AP227 -> 0 | G227: ='Übersicht Score Index'!D227*Rezepte!AQ227 -> 0 | H227: ='Übersicht Score Index'!D227*Rezepte!AR227 -> 0 | I227: ='Übersicht Score Index'!E227*Rezepte!AP227 -> 0 | J227: ='Übersicht Score Index'!E227*Rezepte!AQ227 -> 0 | K227: ='Übersicht Score Index'!E227*Rezepte!AR227 -> 0 | L227: ='Übersicht Score Index'!F227*Rezepte!AP227 -> 0 | M227: ='Übersicht Score Index'!F227*Rezepte!AQ227 -> 0 | N227: ='Übersicht Score Index'!F227*Rezepte!AR227 -> 0 | O227: ='Übersicht Score Index'!G227*Rezepte!AP227 -> 0 | P227: ='Übersicht Score Index'!G227*Rezepte!AQ227 -> 0 | Q227: ='Übersicht Score Index'!G227*Rezepte!AR227 -> 0 | R227: ='Übersicht Score Index'!H227*Rezepte!AP227 -> 0 | S227: ='Übersicht Score Index'!H227*Rezepte!AQ227 -> 0 | T227: ='Übersicht Score Index'!H227*Rezepte!AR227 -> 0 | U227: ='Übersicht Score Index'!I227*Rezepte!AP227 -> 0 | V227: ='Übersicht Score Index'!I227*Rezepte!AQ227 -> 0 | W227: ='Übersicht Score Index'!I227*Rezepte!AR227 -> 0
